Date,UE,GDP,CPI,Country,CPI_Identifier,GDP_Identifier,UE_Identifier
1/1/1994,7.3,7136.3,146.2,US,CPIAUCNS,GDP,UNRATENSA
2/1/1994,7.1,,146.7,US,CPIAUCNS,GDP,UNRATENSA
3/1/1994,6.8,,147.2,US,CPIAUCNS,GDP,UNRATENSA
4/1/1994,6.2,7269.8,147.4,US,CPIAUCNS,GDP,UNRATENSA
5/1/1994,5.9,,147.5,US,CPIAUCNS,GDP,UNRATENSA
6/1/1994,6.2,,148,US,CPIAUCNS,GDP,UNRATENSA
7/1/1994,6.2,7352.3,148.4,US,CPIAUCNS,GDP,UNRATENSA
8/1/1994,5.9,,149,US,CPIAUCNS,GDP,UNRATENSA
9/1/1994,5.6,,149.4,US,CPIAUCNS,GDP,UNRATENSA
10/1/1994,5.4,7476.7,149.5,US,CPIAUCNS,GDP,UNRATENSA
11/1/1994,5.3,,149.7,US,CPIAUCNS,GDP,UNRATENSA
12/1/1994,5.1,,149.7,US,CPIAUCNS,GDP,UNRATENSA
1/1/1995,6.2,7545.3,150.3,US,CPIAUCNS,GDP,UNRATENSA
2/1/1995,5.9,,150.9,US,CPIAUCNS,GDP,UNRATENSA
3/1/1995,5.7,,151.4,US,CPIAUCNS,GDP,UNRATENSA
4/1/1995,5.6,7604.9,151.9,US,CPIAUCNS,GDP,UNRATENSA
5/1/1995,5.5,,152.2,US,CPIAUCNS,GDP,UNRATENSA
6/1/1995,5.8,,152.5,US,CPIAUCNS,GDP,UNRATENSA
7/1/1995,5.9,7706.5,152.5,US,CPIAUCNS,GDP,UNRATENSA
8/1/1995,5.6,,152.9,US,CPIAUCNS,GDP,UNRATENSA
9/1/1995,5.4,,153.2,US,CPIAUCNS,GDP,UNRATENSA
10/1/1995,5.2,7799.5,153.7,US,CPIAUCNS,GDP,UNRATENSA
11/1/1995,5.3,,153.6,US,CPIAUCNS,GDP,UNRATENSA
12/1/1995,5.2,,153.5,US,CPIAUCNS,GDP,UNRATENSA
1/1/1996,6.3,7893.1,154.4,US,CPIAUCNS,GDP,UNRATENSA
2/1/1996,6,,154.9,US,CPIAUCNS,GDP,UNRATENSA
3/1/1996,5.8,,155.7,US,CPIAUCNS,GDP,UNRATENSA
4/1/1996,5.4,8061.5,156.3,US,CPIAUCNS,GDP,UNRATENSA
5/1/1996,5.4,,156.6,US,CPIAUCNS,GDP,UNRATENSA
6/1/1996,5.5,,156.7,US,CPIAUCNS,GDP,UNRATENSA
7/1/1996,5.6,8159,157,US,CPIAUCNS,GDP,UNRATENSA
8/1/1996,5.1,,157.3,US,CPIAUCNS,GDP,UNRATENSA
9/1/1996,5,,157.8,US,CPIAUCNS,GDP,UNRATENSA
10/1/1996,4.9,8287.1,158.3,US,CPIAUCNS,GDP,UNRATENSA
11/1/1996,5,,158.6,US,CPIAUCNS,GDP,UNRATENSA
12/1/1996,5,,158.6,US,CPIAUCNS,GDP,UNRATENSA
1/1/1997,5.9,8402.1,159.1,US,CPIAUCNS,GDP,UNRATENSA
2/1/1997,5.7,,159.6,US,CPIAUCNS,GDP,UNRATENSA
3/1/1997,5.5,,160,US,CPIAUCNS,GDP,UNRATENSA
4/1/1997,4.8,8551.9,160.2,US,CPIAUCNS,GDP,UNRATENSA
5/1/1997,4.7,,160.1,US,CPIAUCNS,GDP,UNRATENSA
6/1/1997,5.2,,160.3,US,CPIAUCNS,GDP,UNRATENSA
7/1/1997,5,8691.8,160.5,US,CPIAUCNS,GDP,UNRATENSA
8/1/1997,4.8,,160.8,US,CPIAUCNS,GDP,UNRATENSA
9/1/1997,4.7,,161.2,US,CPIAUCNS,GDP,UNRATENSA
10/1/1997,4.4,8788.3,161.6,US,CPIAUCNS,GDP,UNRATENSA
11/1/1997,4.3,,161.5,US,CPIAUCNS,GDP,UNRATENSA
12/1/1997,4.4,,161.3,US,CPIAUCNS,GDP,UNRATENSA
1/1/1998,5.2,8889.7,161.6,US,CPIAUCNS,GDP,UNRATENSA
2/1/1998,5,,161.9,US,CPIAUCNS,GDP,UNRATENSA
3/1/1998,5,,162.2,US,CPIAUCNS,GDP,UNRATENSA
4/1/1998,4.1,8994.7,162.5,US,CPIAUCNS,GDP,UNRATENSA
5/1/1998,4.2,,162.8,US,CPIAUCNS,GDP,UNRATENSA
6/1/1998,4.7,,163,US,CPIAUCNS,GDP,UNRATENSA
7/1/1998,4.7,9146.5,163.2,US,CPIAUCNS,GDP,UNRATENSA
8/1/1998,4.5,,163.4,US,CPIAUCNS,GDP,UNRATENSA
9/1/1998,4.4,,163.6,US,CPIAUCNS,GDP,UNRATENSA
10/1/1998,4.2,9325.7,164,US,CPIAUCNS,GDP,UNRATENSA
11/1/1998,4.1,,164,US,CPIAUCNS,GDP,UNRATENSA
12/1/1998,4,,163.9,US,CPIAUCNS,GDP,UNRATENSA
1/1/1999,4.8,9447.1,164.3,US,CPIAUCNS,GDP,UNRATENSA
2/1/1999,4.7,,164.5,US,CPIAUCNS,GDP,UNRATENSA
3/1/1999,4.4,,165,US,CPIAUCNS,GDP,UNRATENSA
4/1/1999,4.1,9557,166.2,US,CPIAUCNS,GDP,UNRATENSA
5/1/1999,4,,166.2,US,CPIAUCNS,GDP,UNRATENSA
6/1/1999,4.5,,166.2,US,CPIAUCNS,GDP,UNRATENSA
7/1/1999,4.5,9712.3,166.7,US,CPIAUCNS,GDP,UNRATENSA
8/1/1999,4.2,,167.1,US,CPIAUCNS,GDP,UNRATENSA
9/1/1999,4.1,,167.9,US,CPIAUCNS,GDP,UNRATENSA
10/1/1999,3.8,9926.1,168.2,US,CPIAUCNS,GDP,UNRATENSA
11/1/1999,3.8,,168.3,US,CPIAUCNS,GDP,UNRATENSA
12/1/1999,3.7,,168.3,US,CPIAUCNS,GDP,UNRATENSA
1/1/2000,4.5,10031,168.8,US,CPIAUCNS,GDP,UNRATENSA
2/1/2000,4.4,,169.8,US,CPIAUCNS,GDP,UNRATENSA
3/1/2000,4.3,,171.2,US,CPIAUCNS,GDP,UNRATENSA
4/1/2000,3.7,10278.3,171.3,US,CPIAUCNS,GDP,UNRATENSA
5/1/2000,3.8,,171.5,US,CPIAUCNS,GDP,UNRATENSA
6/1/2000,4.1,,172.4,US,CPIAUCNS,GDP,UNRATENSA
7/1/2000,4.2,10357.4,172.8,US,CPIAUCNS,GDP,UNRATENSA
8/1/2000,4.1,,172.8,US,CPIAUCNS,GDP,UNRATENSA
9/1/2000,3.8,,173.7,US,CPIAUCNS,GDP,UNRATENSA
10/1/2000,3.6,10472.3,174,US,CPIAUCNS,GDP,UNRATENSA
11/1/2000,3.7,,174.1,US,CPIAUCNS,GDP,UNRATENSA
12/1/2000,3.7,,174,US,CPIAUCNS,GDP,UNRATENSA
1/1/2001,4.7,10508.1,175.1,US,CPIAUCNS,GDP,UNRATENSA
2/1/2001,4.6,,175.8,US,CPIAUCNS,GDP,UNRATENSA
3/1/2001,4.5,,176.2,US,CPIAUCNS,GDP,UNRATENSA
4/1/2001,4.2,10638.4,176.9,US,CPIAUCNS,GDP,UNRATENSA
5/1/2001,4.1,,177.7,US,CPIAUCNS,GDP,UNRATENSA
6/1/2001,4.7,,178,US,CPIAUCNS,GDP,UNRATENSA
7/1/2001,4.7,10639.5,177.5,US,CPIAUCNS,GDP,UNRATENSA
8/1/2001,4.9,,177.5,US,CPIAUCNS,GDP,UNRATENSA
9/1/2001,4.7,,178.3,US,CPIAUCNS,GDP,UNRATENSA
10/1/2001,5,10701.3,177.7,US,CPIAUCNS,GDP,UNRATENSA
11/1/2001,5.3,,177.4,US,CPIAUCNS,GDP,UNRATENSA
12/1/2001,5.4,,176.7,US,CPIAUCNS,GDP,UNRATENSA
1/1/2002,6.3,10834.4,177.1,US,CPIAUCNS,GDP,UNRATENSA
2/1/2002,6.1,,177.8,US,CPIAUCNS,GDP,UNRATENSA
3/1/2002,6.1,,178.8,US,CPIAUCNS,GDP,UNRATENSA
4/1/2002,5.7,10934.8,179.8,US,CPIAUCNS,GDP,UNRATENSA
5/1/2002,5.5,,179.8,US,CPIAUCNS,GDP,UNRATENSA
6/1/2002,6,,179.9,US,CPIAUCNS,GDP,UNRATENSA
7/1/2002,5.9,11037.1,180.1,US,CPIAUCNS,GDP,UNRATENSA
8/1/2002,5.7,,180.7,US,CPIAUCNS,GDP,UNRATENSA
9/1/2002,5.4,,181,US,CPIAUCNS,GDP,UNRATENSA
10/1/2002,5.3,11103.8,181.3,US,CPIAUCNS,GDP,UNRATENSA
11/1/2002,5.6,,181.3,US,CPIAUCNS,GDP,UNRATENSA
12/1/2002,5.7,,180.9,US,CPIAUCNS,GDP,UNRATENSA
1/1/2003,6.5,11230.1,181.7,US,CPIAUCNS,GDP,UNRATENSA
2/1/2003,6.4,,183.1,US,CPIAUCNS,GDP,UNRATENSA
3/1/2003,6.2,,184.2,US,CPIAUCNS,GDP,UNRATENSA
4/1/2003,5.8,11370.7,183.8,US,CPIAUCNS,GDP,UNRATENSA
5/1/2003,5.8,,183.5,US,CPIAUCNS,GDP,UNRATENSA
6/1/2003,6.5,,183.7,US,CPIAUCNS,GDP,UNRATENSA
7/1/2003,6.3,11625.1,183.9,US,CPIAUCNS,GDP,UNRATENSA
8/1/2003,6,,184.6,US,CPIAUCNS,GDP,UNRATENSA
9/1/2003,5.8,,185.2,US,CPIAUCNS,GDP,UNRATENSA
10/1/2003,5.6,11816.8,185,US,CPIAUCNS,GDP,UNRATENSA
11/1/2003,5.6,,184.5,US,CPIAUCNS,GDP,UNRATENSA
12/1/2003,5.4,,184.3,US,CPIAUCNS,GDP,UNRATENSA
1/1/2004,6.3,11988.4,185.2,US,CPIAUCNS,GDP,UNRATENSA
2/1/2004,6,,186.2,US,CPIAUCNS,GDP,UNRATENSA
3/1/2004,6,,187.4,US,CPIAUCNS,GDP,UNRATENSA
4/1/2004,5.4,12181.4,188,US,CPIAUCNS,GDP,UNRATENSA
5/1/2004,5.3,,189.1,US,CPIAUCNS,GDP,UNRATENSA
6/1/2004,5.8,,189.7,US,CPIAUCNS,GDP,UNRATENSA
7/1/2004,5.7,12367.7,189.4,US,CPIAUCNS,GDP,UNRATENSA
8/1/2004,5.4,,189.5,US,CPIAUCNS,GDP,UNRATENSA
9/1/2004,5.1,,189.9,US,CPIAUCNS,GDP,UNRATENSA
10/1/2004,5.1,12562.2,190.9,US,CPIAUCNS,GDP,UNRATENSA
11/1/2004,5.2,,191,US,CPIAUCNS,GDP,UNRATENSA
12/1/2004,5.1,,190.3,US,CPIAUCNS,GDP,UNRATENSA
1/1/2005,5.7,12813.7,190.7,US,CPIAUCNS,GDP,UNRATENSA
2/1/2005,5.8,,191.8,US,CPIAUCNS,GDP,UNRATENSA
3/1/2005,5.4,,193.3,US,CPIAUCNS,GDP,UNRATENSA
4/1/2005,4.9,12974.1,194.6,US,CPIAUCNS,GDP,UNRATENSA
5/1/2005,4.9,,194.4,US,CPIAUCNS,GDP,UNRATENSA
6/1/2005,5.2,,194.5,US,CPIAUCNS,GDP,UNRATENSA
7/1/2005,5.2,13205.4,195.4,US,CPIAUCNS,GDP,UNRATENSA
8/1/2005,4.9,,196.4,US,CPIAUCNS,GDP,UNRATENSA
9/1/2005,4.8,,198.8,US,CPIAUCNS,GDP,UNRATENSA
10/1/2005,4.6,13381.6,199.2,US,CPIAUCNS,GDP,UNRATENSA
11/1/2005,4.8,,197.6,US,CPIAUCNS,GDP,UNRATENSA
12/1/2005,4.6,,196.8,US,CPIAUCNS,GDP,UNRATENSA
1/1/2006,5.1,13648.9,198.3,US,CPIAUCNS,GDP,UNRATENSA
2/1/2006,5.1,,198.7,US,CPIAUCNS,GDP,UNRATENSA
3/1/2006,4.8,,199.8,US,CPIAUCNS,GDP,UNRATENSA
4/1/2006,4.5,13799.8,201.5,US,CPIAUCNS,GDP,UNRATENSA
5/1/2006,4.4,,202.5,US,CPIAUCNS,GDP,UNRATENSA
6/1/2006,4.8,,202.9,US,CPIAUCNS,GDP,UNRATENSA
7/1/2006,5,13908.5,203.5,US,CPIAUCNS,GDP,UNRATENSA
8/1/2006,4.6,,203.9,US,CPIAUCNS,GDP,UNRATENSA
9/1/2006,4.4,,202.9,US,CPIAUCNS,GDP,UNRATENSA
10/1/2006,4.1,14066.4,201.8,US,CPIAUCNS,GDP,UNRATENSA
11/1/2006,4.3,,201.5,US,CPIAUCNS,GDP,UNRATENSA
12/1/2006,4.3,,201.8,US,CPIAUCNS,GDP,UNRATENSA
1/1/2007,5,14233.2,202.416,US,CPIAUCNS,GDP,UNRATENSA
2/1/2007,4.9,,203.499,US,CPIAUCNS,GDP,UNRATENSA
3/1/2007,4.5,,205.352,US,CPIAUCNS,GDP,UNRATENSA
4/1/2007,4.3,14422.3,206.686,US,CPIAUCNS,GDP,UNRATENSA
5/1/2007,4.3,,207.949,US,CPIAUCNS,GDP,UNRATENSA
6/1/2007,4.7,,208.352,US,CPIAUCNS,GDP,UNRATENSA
7/1/2007,4.9,14569.7,208.299,US,CPIAUCNS,GDP,UNRATENSA
8/1/2007,4.6,,207.917,US,CPIAUCNS,GDP,UNRATENSA
9/1/2007,4.5,,208.49,US,CPIAUCNS,GDP,UNRATENSA
10/1/2007,4.4,14685.3,208.936,US,CPIAUCNS,GDP,UNRATENSA
11/1/2007,4.5,,210.177,US,CPIAUCNS,GDP,UNRATENSA
12/1/2007,4.8,,210.036,US,CPIAUCNS,GDP,UNRATENSA
1/1/2008,5.4,14668.4,211.08,US,CPIAUCNS,GDP,UNRATENSA
2/1/2008,5.2,,211.693,US,CPIAUCNS,GDP,UNRATENSA
3/1/2008,5.2,,213.528,US,CPIAUCNS,GDP,UNRATENSA
4/1/2008,4.8,14813,214.823,US,CPIAUCNS,GDP,UNRATENSA
5/1/2008,5.2,,216.632,US,CPIAUCNS,GDP,UNRATENSA
6/1/2008,5.7,,218.815,US,CPIAUCNS,GDP,UNRATENSA
7/1/2008,6,14843,219.964,US,CPIAUCNS,GDP,UNRATENSA
8/1/2008,6.1,,219.086,US,CPIAUCNS,GDP,UNRATENSA
9/1/2008,6,,218.783,US,CPIAUCNS,GDP,UNRATENSA
10/1/2008,6.1,14549.9,216.573,US,CPIAUCNS,GDP,UNRATENSA
11/1/2008,6.5,,212.425,US,CPIAUCNS,GDP,UNRATENSA
12/1/2008,7.1,,210.228,US,CPIAUCNS,GDP,UNRATENSA
1/1/2009,8.5,14383.9,211.143,US,CPIAUCNS,GDP,UNRATENSA
2/1/2009,8.9,,212.193,US,CPIAUCNS,GDP,UNRATENSA
3/1/2009,9,,212.709,US,CPIAUCNS,GDP,UNRATENSA
4/1/2009,8.6,14340.4,213.24,US,CPIAUCNS,GDP,UNRATENSA
5/1/2009,9.1,,213.856,US,CPIAUCNS,GDP,UNRATENSA
6/1/2009,9.7,,215.693,US,CPIAUCNS,GDP,UNRATENSA
7/1/2009,9.7,14384.1,215.351,US,CPIAUCNS,GDP,UNRATENSA
8/1/2009,9.6,,215.834,US,CPIAUCNS,GDP,UNRATENSA
9/1/2009,9.5,,215.969,US,CPIAUCNS,GDP,UNRATENSA
10/1/2009,9.5,14566.5,216.177,US,CPIAUCNS,GDP,UNRATENSA
11/1/2009,9.4,,216.33,US,CPIAUCNS,GDP,UNRATENSA
12/1/2009,9.7,,215.949,US,CPIAUCNS,GDP,UNRATENSA
1/1/2010,10.6,14681.1,216.687,US,CPIAUCNS,GDP,UNRATENSA
2/1/2010,10.4,,216.741,US,CPIAUCNS,GDP,UNRATENSA
3/1/2010,10.2,,217.631,US,CPIAUCNS,GDP,UNRATENSA
4/1/2010,9.5,14888.6,218.009,US,CPIAUCNS,GDP,UNRATENSA
5/1/2010,9.3,,218.178,US,CPIAUCNS,GDP,UNRATENSA
6/1/2010,9.6,,217.965,US,CPIAUCNS,GDP,UNRATENSA
7/1/2010,9.7,15057.7,218.011,US,CPIAUCNS,GDP,UNRATENSA
8/1/2010,9.5,,218.312,US,CPIAUCNS,GDP,UNRATENSA
9/1/2010,9.2,,218.439,US,CPIAUCNS,GDP,UNRATENSA
10/1/2010,9,15230.2,218.711,US,CPIAUCNS,GDP,UNRATENSA
11/1/2010,9.3,,218.803,US,CPIAUCNS,GDP,UNRATENSA
12/1/2010,9.1,,219.179,US,CPIAUCNS,GDP,UNRATENSA
1/1/2011,9.8,15238.4,220.223,US,CPIAUCNS,GDP,UNRATENSA
2/1/2011,9.5,,221.309,US,CPIAUCNS,GDP,UNRATENSA
3/1/2011,9.2,,223.467,US,CPIAUCNS,GDP,UNRATENSA
4/1/2011,8.7,15460.9,224.906,US,CPIAUCNS,GDP,UNRATENSA
5/1/2011,8.7,,225.964,US,CPIAUCNS,GDP,UNRATENSA
6/1/2011,9.3,,225.722,US,CPIAUCNS,GDP,UNRATENSA
7/1/2011,9.3,15587.1,225.922,US,CPIAUCNS,GDP,UNRATENSA
8/1/2011,9.1,,226.545,US,CPIAUCNS,GDP,UNRATENSA
9/1/2011,8.8,,226.889,US,CPIAUCNS,GDP,UNRATENSA
10/1/2011,8.5,15785.3,226.421,US,CPIAUCNS,GDP,UNRATENSA
11/1/2011,8.2,,226.23,US,CPIAUCNS,GDP,UNRATENSA
12/1/2011,8.3,,225.672,US,CPIAUCNS,GDP,UNRATENSA
1/1/2012,8.8,15973.9,226.665,US,CPIAUCNS,GDP,UNRATENSA
2/1/2012,8.7,,227.663,US,CPIAUCNS,GDP,UNRATENSA
3/1/2012,8.4,,229.392,US,CPIAUCNS,GDP,UNRATENSA
4/1/2012,7.7,16121.9,230.085,US,CPIAUCNS,GDP,UNRATENSA
5/1/2012,7.9,,229.815,US,CPIAUCNS,GDP,UNRATENSA
6/1/2012,8.4,,229.478,US,CPIAUCNS,GDP,UNRATENSA
7/1/2012,8.6,16227.9,229.104,US,CPIAUCNS,GDP,UNRATENSA
8/1/2012,8.2,,230.379,US,CPIAUCNS,GDP,UNRATENSA
9/1/2012,7.6,,231.407,US,CPIAUCNS,GDP,UNRATENSA
10/1/2012,7.5,16297.3,231.317,US,CPIAUCNS,GDP,UNRATENSA
11/1/2012,7.4,,230.221,US,CPIAUCNS,GDP,UNRATENSA
12/1/2012,7.6,,229.601,US,CPIAUCNS,GDP,UNRATENSA
1/1/2013,8.5,16475.4,230.28,US,CPIAUCNS,GDP,UNRATENSA
2/1/2013,8.1,,232.166,US,CPIAUCNS,GDP,UNRATENSA
3/1/2013,7.6,,232.773,US,CPIAUCNS,GDP,UNRATENSA
4/1/2013,7.1,16541.4,232.531,US,CPIAUCNS,GDP,UNRATENSA
5/1/2013,7.3,,232.945,US,CPIAUCNS,GDP,UNRATENSA
6/1/2013,7.8,,233.504,US,CPIAUCNS,GDP,UNRATENSA
7/1/2013,7.7,16749.3,233.596,US,CPIAUCNS,GDP,UNRATENSA
8/1/2013,7.3,,233.877,US,CPIAUCNS,GDP,UNRATENSA
9/1/2013,7,,234.149,US,CPIAUCNS,GDP,UNRATENSA
10/1/2013,7,16999.9,233.546,US,CPIAUCNS,GDP,UNRATENSA
11/1/2013,6.6,,233.069,US,CPIAUCNS,GDP,UNRATENSA
12/1/2013,6.5,,233.049,US,CPIAUCNS,GDP,UNRATENSA
1/1/2014,7,17025.2,233.916,US,CPIAUCNS,GDP,UNRATENSA
2/1/2014,7,,234.781,US,CPIAUCNS,GDP,UNRATENSA
3/1/2014,6.8,,236.293,US,CPIAUCNS,GDP,UNRATENSA
4/1/2014,5.9,17285.6,237.072,US,CPIAUCNS,GDP,UNRATENSA
5/1/2014,6.1,,237.9,US,CPIAUCNS,GDP,UNRATENSA
6/1/2014,6.3,,238.343,US,CPIAUCNS,GDP,UNRATENSA
7/1/2014,6.5,17569.4,238.25,US,CPIAUCNS,GDP,UNRATENSA
8/1/2014,6.3,,237.852,US,CPIAUCNS,GDP,UNRATENSA
9/1/2014,5.7,,238.031,US,CPIAUCNS,GDP,UNRATENSA
10/1/2014,5.5,17692.2,237.433,US,CPIAUCNS,GDP,UNRATENSA
11/1/2014,5.5,,236.151,US,CPIAUCNS,GDP,UNRATENSA
12/1/2014,5.4,,234.812,US,CPIAUCNS,GDP,UNRATENSA
1/1/2015,6.1,17783.6,233.707,US,CPIAUCNS,GDP,UNRATENSA
2/1/2015,5.8,,234.722,US,CPIAUCNS,GDP,UNRATENSA
3/1/2015,5.6,,236.119,US,CPIAUCNS,GDP,UNRATENSA
4/1/2015,5.1,17998.3,236.599,US,CPIAUCNS,GDP,UNRATENSA
5/1/2015,5.3,,237.805,US,CPIAUCNS,GDP,UNRATENSA
6/1/2015,5.5,,238.638,US,CPIAUCNS,GDP,UNRATENSA
7/1/2015,5.6,18141.9,238.654,US,CPIAUCNS,GDP,UNRATENSA
8/1/2015,5.2,,238.316,US,CPIAUCNS,GDP,UNRATENSA
9/1/2015,4.9,,237.945,US,CPIAUCNS,GDP,UNRATENSA
10/1/2015,4.8,18222.8,237.838,US,CPIAUCNS,GDP,UNRATENSA
11/1/2015,4.8,,237.336,US,CPIAUCNS,GDP,UNRATENSA
12/1/2015,4.8,,236.525,US,CPIAUCNS,GDP,UNRATENSA
1/1/2016,5.3,18281.6,236.916,US,CPIAUCNS,GDP,UNRATENSA
1/1/1994,9.8,195904,64.74,UK,CPIUKQ,UKNGDP,LMUNRRTTGBM156N
2/1/1994,9.7,,,UK,CPIUKQ,UKNGDP,LMUNRRTTGBM156N
3/1/1994,9.5,,,UK,CPIUKQ,UKNGDP,LMUNRRTTGBM156N
4/1/1994,9.3,197522,65.68,UK,CPIUKQ,UKNGDP,LMUNRRTTGBM156N
5/1/1994,9,,,UK,CPIUKQ,UKNGDP,LMUNRRTTGBM156N
6/1/1994,8.8,,,UK,CPIUKQ,UKNGDP,LMUNRRTTGBM156N
7/1/1994,9,199744,65.63,UK,CPIUKQ,UKNGDP,LMUNRRTTGBM156N
8/1/1994,9,,,UK,CPIUKQ,UKNGDP,LMUNRRTTGBM156N
9/1/1994,8.8,,,UK,CPIUKQ,UKNGDP,LMUNRRTTGBM156N
10/1/1994,8.4,203918,65.81,UK,CPIUKQ,UKNGDP,LMUNRRTTGBM156N
11/1/1994,8.3,,,UK,CPIUKQ,UKNGDP,LMUNRRTTGBM156N
12/1/1994,8.2,,,UK,CPIUKQ,UKNGDP,LMUNRRTTGBM156N
1/1/1995,8.3,204649,66.36,UK,CPIUKQ,UKNGDP,LMUNRRTTGBM156N
2/1/1995,8.2,,,UK,CPIUKQ,UKNGDP,LMUNRRTTGBM156N
3/1/1995,8,,,UK,CPIUKQ,UKNGDP,LMUNRRTTGBM156N
4/1/1995,7.9,207119,67.3,UK,CPIUKQ,UKNGDP,LMUNRRTTGBM156N
5/1/1995,7.7,,,UK,CPIUKQ,UKNGDP,LMUNRRTTGBM156N
6/1/1995,7.5,,,UK,CPIUKQ,UKNGDP,LMUNRRTTGBM156N
7/1/1995,7.8,210922,67.43,UK,CPIUKQ,UKNGDP,LMUNRRTTGBM156N
8/1/1995,7.8,,,UK,CPIUKQ,UKNGDP,LMUNRRTTGBM156N
9/1/1995,7.6,,,UK,CPIUKQ,UKNGDP,LMUNRRTTGBM156N
10/1/1995,7.4,213956,67.74,UK,CPIUKQ,UKNGDP,LMUNRRTTGBM156N
11/1/1995,7.3,,,UK,CPIUKQ,UKNGDP,LMUNRRTTGBM156N
12/1/1995,7.4,,,UK,CPIUKQ,UKNGDP,LMUNRRTTGBM156N
1/1/1996,7.9,218668,68.08,UK,CPIUKQ,UKNGDP,LMUNRRTTGBM156N
2/1/1996,7.9,,,UK,CPIUKQ,UKNGDP,LMUNRRTTGBM156N
3/1/1996,7.6,,,UK,CPIUKQ,UKNGDP,LMUNRRTTGBM156N
4/1/1996,7.6,222996,68.9,UK,CPIUKQ,UKNGDP,LMUNRRTTGBM156N
5/1/1996,7.3,,,UK,CPIUKQ,UKNGDP,LMUNRRTTGBM156N
6/1/1996,7.2,,,UK,CPIUKQ,UKNGDP,LMUNRRTTGBM156N
7/1/1996,7.4,224996,68.93,UK,CPIUKQ,UKNGDP,LMUNRRTTGBM156N
8/1/1996,7.4,,,UK,CPIUKQ,UKNGDP,LMUNRRTTGBM156N
9/1/1996,7.2,,,UK,CPIUKQ,UKNGDP,LMUNRRTTGBM156N
10/1/1996,6.8,226240,69.36,UK,CPIUKQ,UKNGDP,LMUNRRTTGBM156N
11/1/1996,6.4,,,UK,CPIUKQ,UKNGDP,LMUNRRTTGBM156N
12/1/1996,6.4,,,UK,CPIUKQ,UKNGDP,LMUNRRTTGBM156N
1/1/1997,6.3,229718,69.39,UK,CPIUKQ,UKNGDP,LMUNRRTTGBM156N
2/1/1997,6.1,,,UK,CPIUKQ,UKNGDP,LMUNRRTTGBM156N
3/1/1997,5.8,,,UK,CPIUKQ,UKNGDP,LMUNRRTTGBM156N
4/1/1997,5.6,232710,70,UK,CPIUKQ,UKNGDP,LMUNRRTTGBM156N
5/1/1997,5.4,,,UK,CPIUKQ,UKNGDP,LMUNRRTTGBM156N
6/1/1997,5.1,,,UK,CPIUKQ,UKNGDP,LMUNRRTTGBM156N
7/1/1997,5.3,238568,70.27,UK,CPIUKQ,UKNGDP,LMUNRRTTGBM156N
8/1/1997,5.2,,,UK,CPIUKQ,UKNGDP,LMUNRRTTGBM156N
9/1/1997,5,,,UK,CPIUKQ,UKNGDP,LMUNRRTTGBM156N
10/1/1997,4.8,237859,70.64,UK,CPIUKQ,UKNGDP,LMUNRRTTGBM156N
11/1/1997,4.6,,,UK,CPIUKQ,UKNGDP,LMUNRRTTGBM156N
12/1/1997,4.6,,,UK,CPIUKQ,UKNGDP,LMUNRRTTGBM156N
1/1/1998,4.9,241214,70.48,UK,CPIUKQ,UKNGDP,LMUNRRTTGBM156N
2/1/1998,4.8,,,UK,CPIUKQ,UKNGDP,LMUNRRTTGBM156N
3/1/1998,4.7,,,UK,CPIUKQ,UKNGDP,LMUNRRTTGBM156N
4/1/1998,4.6,242815,71.29,UK,CPIUKQ,UKNGDP,LMUNRRTTGBM156N
5/1/1998,4.5,,,UK,CPIUKQ,UKNGDP,LMUNRRTTGBM156N
6/1/1998,4.4,,,UK,CPIUKQ,UKNGDP,LMUNRRTTGBM156N
7/1/1998,4.5,244750,71.25,UK,CPIUKQ,UKNGDP,LMUNRRTTGBM156N
8/1/1998,4.6,,,UK,CPIUKQ,UKNGDP,LMUNRRTTGBM156N
9/1/1998,4.4,,,UK,CPIUKQ,UKNGDP,LMUNRRTTGBM156N
10/1/1998,4.3,251529,71.64,UK,CPIUKQ,UKNGDP,LMUNRRTTGBM156N
11/1/1998,4.3,,,UK,CPIUKQ,UKNGDP,LMUNRRTTGBM156N
12/1/1998,4.3,,,UK,CPIUKQ,UKNGDP,LMUNRRTTGBM156N
1/1/1999,4.6,253453,71.58,UK,CPIUKQ,UKNGDP,LMUNRRTTGBM156N
2/1/1999,4.5,,,UK,CPIUKQ,UKNGDP,LMUNRRTTGBM156N
3/1/1999,4.4,,,UK,CPIUKQ,UKNGDP,LMUNRRTTGBM156N
4/1/1999,4.3,252305,72.29,UK,CPIUKQ,UKNGDP,LMUNRRTTGBM156N
5/1/1999,4.2,,,UK,CPIUKQ,UKNGDP,LMUNRRTTGBM156N
6/1/1999,4.1,,,UK,CPIUKQ,UKNGDP,LMUNRRTTGBM156N
7/1/1999,4.2,255678,72.12,UK,CPIUKQ,UKNGDP,LMUNRRTTGBM156N
8/1/1999,4.2,,,UK,CPIUKQ,UKNGDP,LMUNRRTTGBM156N
9/1/1999,4,,,UK,CPIUKQ,UKNGDP,LMUNRRTTGBM156N
10/1/1999,3.8,259769,72.46,UK,CPIUKQ,UKNGDP,LMUNRRTTGBM156N
11/1/1999,3.8,,,UK,CPIUKQ,UKNGDP,LMUNRRTTGBM156N
12/1/1999,3.7,,,UK,CPIUKQ,UKNGDP,LMUNRRTTGBM156N
1/1/2000,4,266240,72.14,UK,CPIUKQ,UKNGDP,LMUNRRTTGBM156N
2/1/2000,4,,,UK,CPIUKQ,UKNGDP,LMUNRRTTGBM156N
3/1/2000,3.9,,,UK,CPIUKQ,UKNGDP,LMUNRRTTGBM156N
4/1/2000,3.7,269907,72.74,UK,CPIUKQ,UKNGDP,LMUNRRTTGBM156N
5/1/2000,3.6,,,UK,CPIUKQ,UKNGDP,LMUNRRTTGBM156N
6/1/2000,3.5,,,UK,CPIUKQ,UKNGDP,LMUNRRTTGBM156N
7/1/2000,3.5,272030,72.71,UK,CPIUKQ,UKNGDP,LMUNRRTTGBM156N
8/1/2000,3.5,,,UK,CPIUKQ,UKNGDP,LMUNRRTTGBM156N
9/1/2000,3.4,,,UK,CPIUKQ,UKNGDP,LMUNRRTTGBM156N
10/1/2000,3.3,272686,73.15,UK,CPIUKQ,UKNGDP,LMUNRRTTGBM156N
11/1/2000,3.3,,,UK,CPIUKQ,UKNGDP,LMUNRRTTGBM156N
12/1/2000,3.3,,,UK,CPIUKQ,UKNGDP,LMUNRRTTGBM156N
1/1/2001,3.5,275097,72.77,UK,CPIUKQ,UKNGDP,LMUNRRTTGBM156N
2/1/2001,3.5,,,UK,CPIUKQ,UKNGDP,LMUNRRTTGBM156N
3/1/2001,3.4,,,UK,CPIUKQ,UKNGDP,LMUNRRTTGBM156N
4/1/2001,3.3,280259,73.84,UK,CPIUKQ,UKNGDP,LMUNRRTTGBM156N
5/1/2001,3.2,,,UK,CPIUKQ,UKNGDP,LMUNRRTTGBM156N
6/1/2001,3.1,,,UK,CPIUKQ,UKNGDP,LMUNRRTTGBM156N
7/1/2001,3.1,281273,73.82,UK,CPIUKQ,UKNGDP,LMUNRRTTGBM156N
8/1/2001,3.1,,,UK,CPIUKQ,UKNGDP,LMUNRRTTGBM156N
9/1/2001,3,,,UK,CPIUKQ,UKNGDP,LMUNRRTTGBM156N
10/1/2001,3,283946,73.9,UK,CPIUKQ,UKNGDP,LMUNRRTTGBM156N
11/1/2001,3,,,UK,CPIUKQ,UKNGDP,LMUNRRTTGBM156N
12/1/2001,3.1,,,UK,CPIUKQ,UKNGDP,LMUNRRTTGBM156N
1/1/2002,3.3,287487,73.89,UK,CPIUKQ,UKNGDP,LMUNRRTTGBM156N
2/1/2002,3.3,,,UK,CPIUKQ,UKNGDP,LMUNRRTTGBM156N
3/1/2002,3.2,,,UK,CPIUKQ,UKNGDP,LMUNRRTTGBM156N
4/1/2002,3.1,290596,74.53,UK,CPIUKQ,UKNGDP,LMUNRRTTGBM156N
5/1/2002,3.1,,,UK,CPIUKQ,UKNGDP,LMUNRRTTGBM156N
6/1/2002,3,,,UK,CPIUKQ,UKNGDP,LMUNRRTTGBM156N
7/1/2002,3.1,295078,74.58,UK,CPIUKQ,UKNGDP,LMUNRRTTGBM156N
8/1/2002,3.1,,,UK,CPIUKQ,UKNGDP,LMUNRRTTGBM156N
9/1/2002,3,,,UK,CPIUKQ,UKNGDP,LMUNRRTTGBM156N
10/1/2002,2.9,299491,75.03,UK,CPIUKQ,UKNGDP,LMUNRRTTGBM156N
11/1/2002,2.9,,,UK,CPIUKQ,UKNGDP,LMUNRRTTGBM156N
12/1/2002,2.9,,,UK,CPIUKQ,UKNGDP,LMUNRRTTGBM156N
1/1/2003,3.2,304228,74.99,UK,CPIUKQ,UKNGDP,LMUNRRTTGBM156N
2/1/2003,3.2,,,UK,CPIUKQ,UKNGDP,LMUNRRTTGBM156N
3/1/2003,3.2,,,UK,CPIUKQ,UKNGDP,LMUNRRTTGBM156N
4/1/2003,3.1,307819,75.48,UK,CPIUKQ,UKNGDP,LMUNRRTTGBM156N
5/1/2003,3,,,UK,CPIUKQ,UKNGDP,LMUNRRTTGBM156N
6/1/2003,3,,,UK,CPIUKQ,UKNGDP,LMUNRRTTGBM156N
7/1/2003,3,312341,75.61,UK,CPIUKQ,UKNGDP,LMUNRRTTGBM156N
8/1/2003,3,,,UK,CPIUKQ,UKNGDP,LMUNRRTTGBM156N
9/1/2003,2.9,,,UK,CPIUKQ,UKNGDP,LMUNRRTTGBM156N
10/1/2003,2.8,318061,76.01,UK,CPIUKQ,UKNGDP,LMUNRRTTGBM156N
11/1/2003,2.8,,,UK,CPIUKQ,UKNGDP,LMUNRRTTGBM156N
12/1/2003,2.8,,,UK,CPIUKQ,UKNGDP,LMUNRRTTGBM156N
1/1/2004,3,320320,75.94,UK,CPIUKQ,UKNGDP,LMUNRRTTGBM156N
2/1/2004,3,,,UK,CPIUKQ,UKNGDP,LMUNRRTTGBM156N
3/1/2004,2.9,,,UK,CPIUKQ,UKNGDP,LMUNRRTTGBM156N
4/1/2004,2.9,325462,76.53,UK,CPIUKQ,UKNGDP,LMUNRRTTGBM156N
5/1/2004,2.7,,,UK,CPIUKQ,UKNGDP,LMUNRRTTGBM156N
6/1/2004,2.6,,,UK,CPIUKQ,UKNGDP,LMUNRRTTGBM156N
7/1/2004,2.7,327320,76.56,UK,CPIUKQ,UKNGDP,LMUNRRTTGBM156N
8/1/2004,2.7,,,UK,CPIUKQ,UKNGDP,LMUNRRTTGBM156N
9/1/2004,2.6,,,UK,CPIUKQ,UKNGDP,LMUNRRTTGBM156N
10/1/2004,2.5,331772,77.11,UK,CPIUKQ,UKNGDP,LMUNRRTTGBM156N
11/1/2004,2.5,,,UK,CPIUKQ,UKNGDP,LMUNRRTTGBM156N
12/1/2004,2.6,,,UK,CPIUKQ,UKNGDP,LMUNRRTTGBM156N
1/1/2005,2.7,335287,77.26,UK,CPIUKQ,UKNGDP,LMUNRRTTGBM156N
2/1/2005,2.8,,,UK,CPIUKQ,UKNGDP,LMUNRRTTGBM156N
3/1/2005,2.7,,,UK,CPIUKQ,UKNGDP,LMUNRRTTGBM156N
4/1/2005,2.7,343740,78.03,UK,CPIUKQ,UKNGDP,LMUNRRTTGBM156N
5/1/2005,2.7,,,UK,CPIUKQ,UKNGDP,LMUNRRTTGBM156N
6/1/2005,2.7,,,UK,CPIUKQ,UKNGDP,LMUNRRTTGBM156N
7/1/2005,2.7,346479,78.4,UK,CPIUKQ,UKNGDP,LMUNRRTTGBM156N
8/1/2005,2.7,,,UK,CPIUKQ,UKNGDP,LMUNRRTTGBM156N
9/1/2005,2.7,,,UK,CPIUKQ,UKNGDP,LMUNRRTTGBM156N
10/1/2005,2.7,353951,78.76,UK,CPIUKQ,UKNGDP,LMUNRRTTGBM156N
11/1/2005,2.7,,,UK,CPIUKQ,UKNGDP,LMUNRRTTGBM156N
12/1/2005,2.8,,,UK,CPIUKQ,UKNGDP,LMUNRRTTGBM156N
1/1/2006,2.9,358099,78.75,UK,CPIUKQ,UKNGDP,LMUNRRTTGBM156N
2/1/2006,3,,,UK,CPIUKQ,UKNGDP,LMUNRRTTGBM156N
3/1/2006,3,,,UK,CPIUKQ,UKNGDP,LMUNRRTTGBM156N
4/1/2006,3,362278,79.79,UK,CPIUKQ,UKNGDP,LMUNRRTTGBM156N
5/1/2006,3,,,UK,CPIUKQ,UKNGDP,LMUNRRTTGBM156N
6/1/2006,2.9,,,UK,CPIUKQ,UKNGDP,LMUNRRTTGBM156N
7/1/2006,2.9,365835,80.3,UK,CPIUKQ,UKNGDP,LMUNRRTTGBM156N
8/1/2006,2.9,,,UK,CPIUKQ,UKNGDP,LMUNRRTTGBM156N
9/1/2006,2.9,,,UK,CPIUKQ,UKNGDP,LMUNRRTTGBM156N
10/1/2006,2.9,369432,80.89,UK,CPIUKQ,UKNGDP,LMUNRRTTGBM156N
11/1/2006,2.8,,,UK,CPIUKQ,UKNGDP,LMUNRRTTGBM156N
12/1/2006,2.8,,,UK,CPIUKQ,UKNGDP,LMUNRRTTGBM156N
1/1/2007,2.9,375722,81,UK,CPIUKQ,UKNGDP,LMUNRRTTGBM156N
2/1/2007,3,,,UK,CPIUKQ,UKNGDP,LMUNRRTTGBM156N
3/1/2007,2.9,,,UK,CPIUKQ,UKNGDP,LMUNRRTTGBM156N
4/1/2007,2.8,379527,81.83,UK,CPIUKQ,UKNGDP,LMUNRRTTGBM156N
5/1/2007,2.7,,,UK,CPIUKQ,UKNGDP,LMUNRRTTGBM156N
6/1/2007,2.6,,,UK,CPIUKQ,UKNGDP,LMUNRRTTGBM156N
7/1/2007,2.6,385302,81.74,UK,CPIUKQ,UKNGDP,LMUNRRTTGBM156N
8/1/2007,2.6,,,UK,CPIUKQ,UKNGDP,LMUNRRTTGBM156N
9/1/2007,2.5,,,UK,CPIUKQ,UKNGDP,LMUNRRTTGBM156N
10/1/2007,2.4,390339,82.58,UK,CPIUKQ,UKNGDP,LMUNRRTTGBM156N
11/1/2007,2.4,,,UK,CPIUKQ,UKNGDP,LMUNRRTTGBM156N
12/1/2007,2.4,,,UK,CPIUKQ,UKNGDP,LMUNRRTTGBM156N
1/1/2008,2.5,394836,82.92,UK,CPIUKQ,UKNGDP,LMUNRRTTGBM156N
2/1/2008,2.6,,,UK,CPIUKQ,UKNGDP,LMUNRRTTGBM156N
3/1/2008,2.6,,,UK,CPIUKQ,UKNGDP,LMUNRRTTGBM156N
4/1/2008,2.5,393634,84.6,UK,CPIUKQ,UKNGDP,LMUNRRTTGBM156N
5/1/2008,2.5,,,UK,CPIUKQ,UKNGDP,LMUNRRTTGBM156N
6/1/2008,2.5,,,UK,CPIUKQ,UKNGDP,LMUNRRTTGBM156N
7/1/2008,2.6,390964,85.65,UK,CPIUKQ,UKNGDP,LMUNRRTTGBM156N
8/1/2008,2.8,,,UK,CPIUKQ,UKNGDP,LMUNRRTTGBM156N
9/1/2008,2.9,,,UK,CPIUKQ,UKNGDP,LMUNRRTTGBM156N
10/1/2008,2.9,384818,85.76,UK,CPIUKQ,UKNGDP,LMUNRRTTGBM156N
11/1/2008,3.2,,,UK,CPIUKQ,UKNGDP,LMUNRRTTGBM156N
12/1/2008,3.5,,,UK,CPIUKQ,UKNGDP,LMUNRRTTGBM156N
1/1/2009,3.9,378609,85.42,UK,CPIUKQ,UKNGDP,LMUNRRTTGBM156N
2/1/2009,4.4,,,UK,CPIUKQ,UKNGDP,LMUNRRTTGBM156N
3/1/2009,4.6,,,UK,CPIUKQ,UKNGDP,LMUNRRTTGBM156N
4/1/2009,4.7,377963,86.36,UK,CPIUKQ,UKNGDP,LMUNRRTTGBM156N
5/1/2009,4.7,,,UK,CPIUKQ,UKNGDP,LMUNRRTTGBM156N
6/1/2009,4.7,,,UK,CPIUKQ,UKNGDP,LMUNRRTTGBM156N
7/1/2009,4.7,380205,86.93,UK,CPIUKQ,UKNGDP,LMUNRRTTGBM156N
8/1/2009,4.8,,,UK,CPIUKQ,UKNGDP,LMUNRRTTGBM156N
9/1/2009,4.8,,,UK,CPIUKQ,UKNGDP,LMUNRRTTGBM156N
10/1/2009,4.8,382682,87.56,UK,CPIUKQ,UKNGDP,LMUNRRTTGBM156N
11/1/2009,4.7,,,UK,CPIUKQ,UKNGDP,LMUNRRTTGBM156N
12/1/2009,4.7,,,UK,CPIUKQ,UKNGDP,LMUNRRTTGBM156N
1/1/2010,5,387526,88.21,UK,CPIUKQ,UKNGDP,LMUNRRTTGBM156N
2/1/2010,5,,,UK,CPIUKQ,UKNGDP,LMUNRRTTGBM156N
3/1/2010,4.9,,,UK,CPIUKQ,UKNGDP,LMUNRRTTGBM156N
4/1/2010,4.8,393419,89.35,UK,CPIUKQ,UKNGDP,LMUNRRTTGBM156N
5/1/2010,4.6,,,UK,CPIUKQ,UKNGDP,LMUNRRTTGBM156N
6/1/2010,4.4,,,UK,CPIUKQ,UKNGDP,LMUNRRTTGBM156N
7/1/2010,4.4,394272,89.61,UK,CPIUKQ,UKNGDP,LMUNRRTTGBM156N
8/1/2010,4.4,,,UK,CPIUKQ,UKNGDP,LMUNRRTTGBM156N
9/1/2010,4.4,,,UK,CPIUKQ,UKNGDP,LMUNRRTTGBM156N
10/1/2010,4.3,397222,90.52,UK,CPIUKQ,UKNGDP,LMUNRRTTGBM156N
11/1/2010,4.3,,,UK,CPIUKQ,UKNGDP,LMUNRRTTGBM156N
12/1/2010,4.3,,,UK,CPIUKQ,UKNGDP,LMUNRRTTGBM156N
1/1/2011,4.6,406938,91.85,UK,CPIUKQ,UKNGDP,LMUNRRTTGBM156N
2/1/2011,4.7,,,UK,CPIUKQ,UKNGDP,LMUNRRTTGBM156N
3/1/2011,4.6,,,UK,CPIUKQ,UKNGDP,LMUNRRTTGBM156N
4/1/2011,4.6,404307,93.26,UK,CPIUKQ,UKNGDP,LMUNRRTTGBM156N
5/1/2011,4.6,,,UK,CPIUKQ,UKNGDP,LMUNRRTTGBM156N
6/1/2011,4.5,,,UK,CPIUKQ,UKNGDP,LMUNRRTTGBM156N
7/1/2011,4.7,406699,93.83,UK,CPIUKQ,UKNGDP,LMUNRRTTGBM156N
8/1/2011,4.8,,,UK,CPIUKQ,UKNGDP,LMUNRRTTGBM156N
9/1/2011,4.8,,,UK,CPIUKQ,UKNGDP,LMUNRRTTGBM156N
10/1/2011,4.7,410330,94.72,UK,CPIUKQ,UKNGDP,LMUNRRTTGBM156N
11/1/2011,4.7,,,UK,CPIUKQ,UKNGDP,LMUNRRTTGBM156N
12/1/2011,4.8,,,UK,CPIUKQ,UKNGDP,LMUNRRTTGBM156N
1/1/2012,4.9,412672,95.05,UK,CPIUKQ,UKNGDP,LMUNRRTTGBM156N
2/1/2012,5,,,UK,CPIUKQ,UKNGDP,LMUNRRTTGBM156N
3/1/2012,5,,,UK,CPIUKQ,UKNGDP,LMUNRRTTGBM156N
4/1/2012,4.8,413777,95.83,UK,CPIUKQ,UKNGDP,LMUNRRTTGBM156N
5/1/2012,4.8,,,UK,CPIUKQ,UKNGDP,LMUNRRTTGBM156N
6/1/2012,4.7,,,UK,CPIUKQ,UKNGDP,LMUNRRTTGBM156N
7/1/2012,4.7,423666,96.09,UK,CPIUKQ,UKNGDP,LMUNRRTTGBM156N
8/1/2012,4.7,,,UK,CPIUKQ,UKNGDP,LMUNRRTTGBM156N
9/1/2012,4.6,,,UK,CPIUKQ,UKNGDP,LMUNRRTTGBM156N
10/1/2012,4.6,424929,97.25,UK,CPIUKQ,UKNGDP,LMUNRRTTGBM156N
11/1/2012,4.6,,,UK,CPIUKQ,UKNGDP,LMUNRRTTGBM156N
12/1/2012,4.6,,,UK,CPIUKQ,UKNGDP,LMUNRRTTGBM156N
1/1/2013,4.7,429001,97.69,UK,CPIUKQ,UKNGDP,LMUNRRTTGBM156N
2/1/2013,4.8,,,UK,CPIUKQ,UKNGDP,LMUNRRTTGBM156N
3/1/2013,4.7,,,UK,CPIUKQ,UKNGDP,LMUNRRTTGBM156N
4/1/2013,4.6,431909,98.4,UK,CPIUKQ,UKNGDP,LMUNRRTTGBM156N
5/1/2013,4.4,,,UK,CPIUKQ,UKNGDP,LMUNRRTTGBM156N
6/1/2013,4.3,,,UK,CPIUKQ,UKNGDP,LMUNRRTTGBM156N
7/1/2013,4.2,438341,98.69,UK,CPIUKQ,UKNGDP,LMUNRRTTGBM156N
8/1/2013,4.1,,,UK,CPIUKQ,UKNGDP,LMUNRRTTGBM156N
9/1/2013,3.9,,,UK,CPIUKQ,UKNGDP,LMUNRRTTGBM156N
10/1/2013,3.8,440312,99.3,UK,CPIUKQ,UKNGDP,LMUNRRTTGBM156N
11/1/2013,3.6,,,UK,CPIUKQ,UKNGDP,LMUNRRTTGBM156N
12/1/2013,3.6,,,UK,CPIUKQ,UKNGDP,LMUNRRTTGBM156N
1/1/2014,3.6,446657,99.39,UK,CPIUKQ,UKNGDP,LMUNRRTTGBM156N
2/1/2014,3.6,,,UK,CPIUKQ,UKNGDP,LMUNRRTTGBM156N
3/1/2014,3.5,,,UK,CPIUKQ,UKNGDP,LMUNRRTTGBM156N
4/1/2014,3.3,454849,100.09,UK,CPIUKQ,UKNGDP,LMUNRRTTGBM156N
5/1/2014,3.2,,,UK,CPIUKQ,UKNGDP,LMUNRRTTGBM156N
6/1/2014,3,,,UK,CPIUKQ,UKNGDP,LMUNRRTTGBM156N
7/1/2014,2.9,459678,100.13,UK,CPIUKQ,UKNGDP,LMUNRRTTGBM156N
8/1/2014,2.8,,,UK,CPIUKQ,UKNGDP,LMUNRRTTGBM156N
9/1/2014,2.7,,,UK,CPIUKQ,UKNGDP,LMUNRRTTGBM156N
10/1/2014,2.6,461296,100.23,UK,CPIUKQ,UKNGDP,LMUNRRTTGBM156N
11/1/2014,2.5,,,UK,CPIUKQ,UKNGDP,LMUNRRTTGBM156N
12/1/2014,2.4,,,UK,CPIUKQ,UKNGDP,LMUNRRTTGBM156N
1/1/2015,2.5,462745,99.49,UK,CPIUKQ,UKNGDP,LMUNRRTTGBM156N
2/1/2015,2.6,,,UK,CPIUKQ,UKNGDP,LMUNRRTTGBM156N
3/1/2015,2.5,,,UK,CPIUKQ,UKNGDP,LMUNRRTTGBM156N
4/1/2015,2.4,469585,100.07,UK,CPIUKQ,UKNGDP,LMUNRRTTGBM156N
5/1/2015,2.3,,,UK,CPIUKQ,UKNGDP,LMUNRRTTGBM156N
6/1/2015,2.3,,,UK,CPIUKQ,UKNGDP,LMUNRRTTGBM156N
7/1/2015,2.3,469289,100.14,UK,CPIUKQ,UKNGDP,LMUNRRTTGBM156N
8/1/2015,2.3,,,UK,CPIUKQ,UKNGDP,LMUNRRTTGBM156N
9/1/2015,2.2,,,UK,CPIUKQ,UKNGDP,LMUNRRTTGBM156N
10/1/2015,2.2,471095,100.29,UK,CPIUKQ,UKNGDP,LMUNRRTTGBM156N
11/1/2015,2.1,,,UK,CPIUKQ,UKNGDP,LMUNRRTTGBM156N
12/1/2015,2.1,,,UK,CPIUKQ,UKNGDP,LMUNRRTTGBM156N
1/1/2016,2.2,475568,100.05,UK,CPIUKQ,UKNGDP,LMUNRRTTGBM156N
1/1/1994,2.9,447153.5,100.8,Japan,JPNCPIALLMINMEI,JPNRGDPQDSNAQ,LRUN64TTJPM156N
2/1/1994,3.1,,100.8,Japan,JPNCPIALLMINMEI,JPNRGDPQDSNAQ,LRUN64TTJPM156N
3/1/1994,3.3,,101.22,Japan,JPNCPIALLMINMEI,JPNRGDPQDSNAQ,LRUN64TTJPM156N
4/1/1994,3,442479.6,101.42,Japan,JPNCPIALLMINMEI,JPNRGDPQDSNAQ,LRUN64TTJPM156N
5/1/1994,3,,101.53,Japan,JPNCPIALLMINMEI,JPNRGDPQDSNAQ,LRUN64TTJPM156N
6/1/1994,2.8,,101.11,Japan,JPNCPIALLMINMEI,JPNRGDPQDSNAQ,LRUN64TTJPM156N
7/1/1994,2.9,451137.4,100.7,Japan,JPNCPIALLMINMEI,JPNRGDPQDSNAQ,LRUN64TTJPM156N
8/1/1994,3.1,,101.11,Japan,JPNCPIALLMINMEI,JPNRGDPQDSNAQ,LRUN64TTJPM156N
9/1/1994,3.1,,101.42,Japan,JPNCPIALLMINMEI,JPNRGDPQDSNAQ,LRUN64TTJPM156N
10/1/1994,3.1,446278.8,101.94,Japan,JPNCPIALLMINMEI,JPNRGDPQDSNAQ,LRUN64TTJPM156N
11/1/1994,2.9,,101.63,Japan,JPNCPIALLMINMEI,JPNRGDPQDSNAQ,LRUN64TTJPM156N
12/1/1994,2.8,,101.32,Japan,JPNCPIALLMINMEI,JPNRGDPQDSNAQ,LRUN64TTJPM156N
1/1/1995,3.1,448904.1,101.32,Japan,JPNCPIALLMINMEI,JPNRGDPQDSNAQ,LRUN64TTJPM156N
2/1/1995,3.2,,101.01,Japan,JPNCPIALLMINMEI,JPNRGDPQDSNAQ,LRUN64TTJPM156N
3/1/1995,3.4,,100.91,Japan,JPNCPIALLMINMEI,JPNRGDPQDSNAQ,LRUN64TTJPM156N
4/1/1995,3.3,455444.9,101.22,Japan,JPNCPIALLMINMEI,JPNRGDPQDSNAQ,LRUN64TTJPM156N
5/1/1995,3.2,,101.42,Japan,JPNCPIALLMINMEI,JPNRGDPQDSNAQ,LRUN64TTJPM156N
6/1/1995,3.1,,101.32,Japan,JPNCPIALLMINMEI,JPNRGDPQDSNAQ,LRUN64TTJPM156N
7/1/1995,3.1,458586.4,100.8,Japan,JPNCPIALLMINMEI,JPNRGDPQDSNAQ,LRUN64TTJPM156N
8/1/1995,3.4,,100.91,Japan,JPNCPIALLMINMEI,JPNRGDPQDSNAQ,LRUN64TTJPM156N
9/1/1995,3.4,,101.53,Japan,JPNCPIALLMINMEI,JPNRGDPQDSNAQ,LRUN64TTJPM156N
10/1/1995,3.3,458507.2,101.22,Japan,JPNCPIALLMINMEI,JPNRGDPQDSNAQ,LRUN64TTJPM156N
11/1/1995,3.4,,100.91,Japan,JPNCPIALLMINMEI,JPNRGDPQDSNAQ,LRUN64TTJPM156N
12/1/1995,3.3,,100.91,Japan,JPNCPIALLMINMEI,JPNRGDPQDSNAQ,LRUN64TTJPM156N
1/1/1996,3.6,462110,100.8,Japan,JPNCPIALLMINMEI,JPNRGDPQDSNAQ,LRUN64TTJPM156N
2/1/1996,3.5,,100.6,Japan,JPNCPIALLMINMEI,JPNRGDPQDSNAQ,LRUN64TTJPM156N
3/1/1996,3.6,,100.8,Japan,JPNCPIALLMINMEI,JPNRGDPQDSNAQ,LRUN64TTJPM156N
4/1/1996,3.6,466954.1,101.42,Japan,JPNCPIALLMINMEI,JPNRGDPQDSNAQ,LRUN64TTJPM156N
5/1/1996,3.7,,101.63,Japan,JPNCPIALLMINMEI,JPNRGDPQDSNAQ,LRUN64TTJPM156N
6/1/1996,3.5,,101.32,Japan,JPNCPIALLMINMEI,JPNRGDPQDSNAQ,LRUN64TTJPM156N
7/1/1996,3.4,467037.2,101.22,Japan,JPNCPIALLMINMEI,JPNRGDPQDSNAQ,LRUN64TTJPM156N
8/1/1996,3.5,,101.11,Japan,JPNCPIALLMINMEI,JPNRGDPQDSNAQ,LRUN64TTJPM156N
9/1/1996,3.5,,101.53,Japan,JPNCPIALLMINMEI,JPNRGDPQDSNAQ,LRUN64TTJPM156N
10/1/1996,3.5,473897,101.74,Japan,JPNCPIALLMINMEI,JPNRGDPQDSNAQ,LRUN64TTJPM156N
11/1/1996,3.3,,101.42,Japan,JPNCPIALLMINMEI,JPNRGDPQDSNAQ,LRUN64TTJPM156N
12/1/1996,3.2,,101.53,Japan,JPNCPIALLMINMEI,JPNRGDPQDSNAQ,LRUN64TTJPM156N
1/1/1997,3.5,477557.7,101.42,Japan,JPNCPIALLMINMEI,JPNRGDPQDSNAQ,LRUN64TTJPM156N
2/1/1997,3.6,,101.22,Japan,JPNCPIALLMINMEI,JPNRGDPQDSNAQ,LRUN64TTJPM156N
3/1/1997,3.6,,101.32,Japan,JPNCPIALLMINMEI,JPNRGDPQDSNAQ,LRUN64TTJPM156N
4/1/1997,3.5,473008.7,103.39,Japan,JPNCPIALLMINMEI,JPNRGDPQDSNAQ,LRUN64TTJPM156N
5/1/1997,3.7,,103.6,Japan,JPNCPIALLMINMEI,JPNRGDPQDSNAQ,LRUN64TTJPM156N
6/1/1997,3.5,,103.6,Japan,JPNCPIALLMINMEI,JPNRGDPQDSNAQ,LRUN64TTJPM156N
7/1/1997,3.4,475005.2,103.19,Japan,JPNCPIALLMINMEI,JPNRGDPQDSNAQ,LRUN64TTJPM156N
8/1/1997,3.6,,103.29,Japan,JPNCPIALLMINMEI,JPNRGDPQDSNAQ,LRUN64TTJPM156N
9/1/1997,3.6,,104.01,Japan,JPNCPIALLMINMEI,JPNRGDPQDSNAQ,LRUN64TTJPM156N
10/1/1997,3.6,474453.1,104.33,Japan,JPNCPIALLMINMEI,JPNRGDPQDSNAQ,LRUN64TTJPM156N
11/1/1997,3.5,,103.6,Japan,JPNCPIALLMINMEI,JPNRGDPQDSNAQ,LRUN64TTJPM156N
12/1/1997,3.4,,103.39,Japan,JPNCPIALLMINMEI,JPNRGDPQDSNAQ,LRUN64TTJPM156N
1/1/1998,3.7,465554.3,103.29,Japan,JPNCPIALLMINMEI,JPNRGDPQDSNAQ,LRUN64TTJPM156N
2/1/1998,3.8,,103.19,Japan,JPNCPIALLMINMEI,JPNRGDPQDSNAQ,LRUN64TTJPM156N
3/1/1998,4.3,,103.6,Japan,JPNCPIALLMINMEI,JPNRGDPQDSNAQ,LRUN64TTJPM156N
4/1/1998,4.4,463039.2,103.81,Japan,JPNCPIALLMINMEI,JPNRGDPQDSNAQ,LRUN64TTJPM156N
5/1/1998,4.4,,104.12,Japan,JPNCPIALLMINMEI,JPNRGDPQDSNAQ,LRUN64TTJPM156N
6/1/1998,4.3,,103.7,Japan,JPNCPIALLMINMEI,JPNRGDPQDSNAQ,LRUN64TTJPM156N
7/1/1998,4.1,464489.9,103.08,Japan,JPNCPIALLMINMEI,JPNRGDPQDSNAQ,LRUN64TTJPM156N
8/1/1998,4.5,,102.98,Japan,JPNCPIALLMINMEI,JPNRGDPQDSNAQ,LRUN64TTJPM156N
9/1/1998,4.5,,103.81,Japan,JPNCPIALLMINMEI,JPNRGDPQDSNAQ,LRUN64TTJPM156N
10/1/1998,4.4,466983.7,104.53,Japan,JPNCPIALLMINMEI,JPNRGDPQDSNAQ,LRUN64TTJPM156N
11/1/1998,4.4,,104.43,Japan,JPNCPIALLMINMEI,JPNRGDPQDSNAQ,LRUN64TTJPM156N
12/1/1998,4.2,,104.01,Japan,JPNCPIALLMINMEI,JPNRGDPQDSNAQ,LRUN64TTJPM156N
1/1/1999,4.6,462932.5,103.5,Japan,JPNCPIALLMINMEI,JPNRGDPQDSNAQ,LRUN64TTJPM156N
2/1/1999,4.9,,103.08,Japan,JPNCPIALLMINMEI,JPNRGDPQDSNAQ,LRUN64TTJPM156N
3/1/1999,5.3,,103.19,Japan,JPNCPIALLMINMEI,JPNRGDPQDSNAQ,LRUN64TTJPM156N
4/1/1999,5.2,464746.7,103.7,Japan,JPNCPIALLMINMEI,JPNRGDPQDSNAQ,LRUN64TTJPM156N
5/1/1999,5.1,,103.7,Japan,JPNCPIALLMINMEI,JPNRGDPQDSNAQ,LRUN64TTJPM156N
6/1/1999,5,,103.39,Japan,JPNCPIALLMINMEI,JPNRGDPQDSNAQ,LRUN64TTJPM156N
7/1/1999,4.9,464135.8,102.98,Japan,JPNCPIALLMINMEI,JPNRGDPQDSNAQ,LRUN64TTJPM156N
8/1/1999,4.9,,103.29,Japan,JPNCPIALLMINMEI,JPNRGDPQDSNAQ,LRUN64TTJPM156N
9/1/1999,4.8,,103.6,Japan,JPNCPIALLMINMEI,JPNRGDPQDSNAQ,LRUN64TTJPM156N
10/1/1999,4.8,466582,103.81,Japan,JPNCPIALLMINMEI,JPNRGDPQDSNAQ,LRUN64TTJPM156N
11/1/1999,4.5,,103.19,Japan,JPNCPIALLMINMEI,JPNRGDPQDSNAQ,LRUN64TTJPM156N
12/1/1999,4.5,,102.87,Japan,JPNCPIALLMINMEI,JPNRGDPQDSNAQ,LRUN64TTJPM156N
1/1/2000,4.8,474104.1,102.77,Japan,JPNCPIALLMINMEI,JPNRGDPQDSNAQ,LRUN64TTJPM156N
2/1/2000,5.1,,102.46,Japan,JPNCPIALLMINMEI,JPNRGDPQDSNAQ,LRUN64TTJPM156N
3/1/2000,5.4,,102.67,Japan,JPNCPIALLMINMEI,JPNRGDPQDSNAQ,LRUN64TTJPM156N
4/1/2000,5.3,475023.9,102.87,Japan,JPNCPIALLMINMEI,JPNRGDPQDSNAQ,LRUN64TTJPM156N
5/1/2000,5,,102.98,Japan,JPNCPIALLMINMEI,JPNRGDPQDSNAQ,LRUN64TTJPM156N
6/1/2000,4.9,,102.77,Japan,JPNCPIALLMINMEI,JPNRGDPQDSNAQ,LRUN64TTJPM156N
7/1/2000,4.7,473726.2,102.46,Japan,JPNCPIALLMINMEI,JPNRGDPQDSNAQ,LRUN64TTJPM156N
8/1/2000,4.8,,102.77,Japan,JPNCPIALLMINMEI,JPNRGDPQDSNAQ,LRUN64TTJPM156N
9/1/2000,4.9,,102.67,Japan,JPNCPIALLMINMEI,JPNRGDPQDSNAQ,LRUN64TTJPM156N
10/1/2000,4.8,477198.2,102.67,Japan,JPNCPIALLMINMEI,JPNRGDPQDSNAQ,LRUN64TTJPM156N
11/1/2000,4.7,,102.36,Japan,JPNCPIALLMINMEI,JPNRGDPQDSNAQ,LRUN64TTJPM156N
12/1/2000,4.6,,102.46,Japan,JPNCPIALLMINMEI,JPNRGDPQDSNAQ,LRUN64TTJPM156N
1/1/2001,4.9,480108.4,102.46,Japan,JPNCPIALLMINMEI,JPNRGDPQDSNAQ,LRUN64TTJPM156N
2/1/2001,4.9,,102.15,Japan,JPNCPIALLMINMEI,JPNRGDPQDSNAQ,LRUN64TTJPM156N
3/1/2001,5.3,,101.94,Japan,JPNCPIALLMINMEI,JPNRGDPQDSNAQ,LRUN64TTJPM156N
4/1/2001,5.4,479214.6,102.15,Japan,JPNCPIALLMINMEI,JPNRGDPQDSNAQ,LRUN64TTJPM156N
5/1/2001,5.3,,102.25,Japan,JPNCPIALLMINMEI,JPNRGDPQDSNAQ,LRUN64TTJPM156N
6/1/2001,5.2,,101.94,Japan,JPNCPIALLMINMEI,JPNRGDPQDSNAQ,LRUN64TTJPM156N
7/1/2001,5.1,474004.2,101.63,Japan,JPNCPIALLMINMEI,JPNRGDPQDSNAQ,LRUN64TTJPM156N
8/1/2001,5.2,,102.05,Japan,JPNCPIALLMINMEI,JPNRGDPQDSNAQ,LRUN64TTJPM156N
9/1/2001,5.6,,101.84,Japan,JPNCPIALLMINMEI,JPNRGDPQDSNAQ,LRUN64TTJPM156N
10/1/2001,5.4,473402.1,101.84,Japan,JPNCPIALLMINMEI,JPNRGDPQDSNAQ,LRUN64TTJPM156N
11/1/2001,5.4,,101.32,Japan,JPNCPIALLMINMEI,JPNRGDPQDSNAQ,LRUN64TTJPM156N
12/1/2001,5.2,,101.22,Japan,JPNCPIALLMINMEI,JPNRGDPQDSNAQ,LRUN64TTJPM156N
1/1/2002,5.4,472382.9,101.01,Japan,JPNCPIALLMINMEI,JPNRGDPQDSNAQ,LRUN64TTJPM156N
2/1/2002,5.6,,100.49,Japan,JPNCPIALLMINMEI,JPNRGDPQDSNAQ,LRUN64TTJPM156N
3/1/2002,5.9,,100.7,Japan,JPNCPIALLMINMEI,JPNRGDPQDSNAQ,LRUN64TTJPM156N
4/1/2002,5.8,477255.7,101.01,Japan,JPNCPIALLMINMEI,JPNRGDPQDSNAQ,LRUN64TTJPM156N
5/1/2002,5.9,,101.32,Japan,JPNCPIALLMINMEI,JPNRGDPQDSNAQ,LRUN64TTJPM156N
6/1/2002,5.7,,101.22,Japan,JPNCPIALLMINMEI,JPNRGDPQDSNAQ,LRUN64TTJPM156N
7/1/2002,5.5,480396,100.8,Japan,JPNCPIALLMINMEI,JPNRGDPQDSNAQ,LRUN64TTJPM156N
8/1/2002,5.7,,101.11,Japan,JPNCPIALLMINMEI,JPNRGDPQDSNAQ,LRUN64TTJPM156N
9/1/2002,5.7,,101.11,Japan,JPNCPIALLMINMEI,JPNRGDPQDSNAQ,LRUN64TTJPM156N
10/1/2002,5.6,482037.2,100.91,Japan,JPNCPIALLMINMEI,JPNRGDPQDSNAQ,LRUN64TTJPM156N
11/1/2002,5.3,,100.91,Japan,JPNCPIALLMINMEI,JPNRGDPQDSNAQ,LRUN64TTJPM156N
12/1/2002,5.2,,100.91,Japan,JPNCPIALLMINMEI,JPNRGDPQDSNAQ,LRUN64TTJPM156N
1/1/2003,5.6,479662.1,100.6,Japan,JPNCPIALLMINMEI,JPNRGDPQDSNAQ,LRUN64TTJPM156N
2/1/2003,5.5,,100.28,Japan,JPNCPIALLMINMEI,JPNRGDPQDSNAQ,LRUN64TTJPM156N
3/1/2003,6,,100.6,Japan,JPNCPIALLMINMEI,JPNRGDPQDSNAQ,LRUN64TTJPM156N
4/1/2003,6,485456.3,100.91,Japan,JPNCPIALLMINMEI,JPNRGDPQDSNAQ,LRUN64TTJPM156N
5/1/2003,5.8,,101.11,Japan,JPNCPIALLMINMEI,JPNRGDPQDSNAQ,LRUN64TTJPM156N
6/1/2003,5.6,,100.8,Japan,JPNCPIALLMINMEI,JPNRGDPQDSNAQ,LRUN64TTJPM156N
7/1/2003,5.3,487583.1,100.6,Japan,JPNCPIALLMINMEI,JPNRGDPQDSNAQ,LRUN64TTJPM156N
8/1/2003,5.2,,100.8,Japan,JPNCPIALLMINMEI,JPNRGDPQDSNAQ,LRUN64TTJPM156N
9/1/2003,5.4,,100.91,Japan,JPNCPIALLMINMEI,JPNRGDPQDSNAQ,LRUN64TTJPM156N
10/1/2003,5.4,492388.7,100.91,Japan,JPNCPIALLMINMEI,JPNRGDPQDSNAQ,LRUN64TTJPM156N
11/1/2003,5.1,,100.39,Japan,JPNCPIALLMINMEI,JPNRGDPQDSNAQ,LRUN64TTJPM156N
12/1/2003,4.7,,100.49,Japan,JPNCPIALLMINMEI,JPNRGDPQDSNAQ,LRUN64TTJPM156N
1/1/2004,5.1,497454.1,100.28,Japan,JPNCPIALLMINMEI,JPNRGDPQDSNAQ,LRUN64TTJPM156N
2/1/2004,5.2,,100.28,Japan,JPNCPIALLMINMEI,JPNRGDPQDSNAQ,LRUN64TTJPM156N
3/1/2004,5.3,,100.49,Japan,JPNCPIALLMINMEI,JPNRGDPQDSNAQ,LRUN64TTJPM156N
4/1/2004,5.3,497567.1,100.49,Japan,JPNCPIALLMINMEI,JPNRGDPQDSNAQ,LRUN64TTJPM156N
5/1/2004,5,,100.6,Japan,JPNCPIALLMINMEI,JPNRGDPQDSNAQ,LRUN64TTJPM156N
6/1/2004,4.9,,100.8,Japan,JPNCPIALLMINMEI,JPNRGDPQDSNAQ,LRUN64TTJPM156N
7/1/2004,5,498280.7,100.49,Japan,JPNCPIALLMINMEI,JPNRGDPQDSNAQ,LRUN64TTJPM156N
8/1/2004,4.9,,100.6,Japan,JPNCPIALLMINMEI,JPNRGDPQDSNAQ,LRUN64TTJPM156N
9/1/2004,4.9,,100.91,Japan,JPNCPIALLMINMEI,JPNRGDPQDSNAQ,LRUN64TTJPM156N
10/1/2004,4.9,496862.8,101.42,Japan,JPNCPIALLMINMEI,JPNRGDPQDSNAQ,LRUN64TTJPM156N
11/1/2004,4.5,,101.22,Japan,JPNCPIALLMINMEI,JPNRGDPQDSNAQ,LRUN64TTJPM156N
12/1/2004,4.3,,100.7,Japan,JPNCPIALLMINMEI,JPNRGDPQDSNAQ,LRUN64TTJPM156N
1/1/2005,4.7,498133.4,100.49,Japan,JPNCPIALLMINMEI,JPNRGDPQDSNAQ,LRUN64TTJPM156N
2/1/2005,4.9,,100.18,Japan,JPNCPIALLMINMEI,JPNRGDPQDSNAQ,LRUN64TTJPM156N
3/1/2005,5,,100.49,Japan,JPNCPIALLMINMEI,JPNRGDPQDSNAQ,LRUN64TTJPM156N
4/1/2005,4.9,504562.4,100.6,Japan,JPNCPIALLMINMEI,JPNRGDPQDSNAQ,LRUN64TTJPM156N
5/1/2005,4.7,,100.7,Japan,JPNCPIALLMINMEI,JPNRGDPQDSNAQ,LRUN64TTJPM156N
6/1/2005,4.4,,100.28,Japan,JPNCPIALLMINMEI,JPNRGDPQDSNAQ,LRUN64TTJPM156N
7/1/2005,4.5,506327.6,100.18,Japan,JPNCPIALLMINMEI,JPNRGDPQDSNAQ,LRUN64TTJPM156N
8/1/2005,4.5,,100.28,Japan,JPNCPIALLMINMEI,JPNRGDPQDSNAQ,LRUN64TTJPM156N
9/1/2005,4.5,,100.6,Japan,JPNCPIALLMINMEI,JPNRGDPQDSNAQ,LRUN64TTJPM156N
10/1/2005,4.7,507283.6,100.6,Japan,JPNCPIALLMINMEI,JPNRGDPQDSNAQ,LRUN64TTJPM156N
11/1/2005,4.6,,100.18,Japan,JPNCPIALLMINMEI,JPNRGDPQDSNAQ,LRUN64TTJPM156N
12/1/2005,4.2,,100.28,Japan,JPNCPIALLMINMEI,JPNRGDPQDSNAQ,LRUN64TTJPM156N
1/1/2006,4.6,509381.8,100.39,Japan,JPNCPIALLMINMEI,JPNRGDPQDSNAQ,LRUN64TTJPM156N
2/1/2006,4.4,,100.08,Japan,JPNCPIALLMINMEI,JPNRGDPQDSNAQ,LRUN64TTJPM156N
3/1/2006,4.6,,100.28,Japan,JPNCPIALLMINMEI,JPNRGDPQDSNAQ,LRUN64TTJPM156N
4/1/2006,4.4,511584.2,100.49,Japan,JPNCPIALLMINMEI,JPNRGDPQDSNAQ,LRUN64TTJPM156N
5/1/2006,4.3,,100.8,Japan,JPNCPIALLMINMEI,JPNRGDPQDSNAQ,LRUN64TTJPM156N
6/1/2006,4.3,,100.8,Japan,JPNCPIALLMINMEI,JPNRGDPQDSNAQ,LRUN64TTJPM156N
7/1/2006,4.2,511294.1,100.49,Japan,JPNCPIALLMINMEI,JPNRGDPQDSNAQ,LRUN64TTJPM156N
8/1/2006,4.2,,101.22,Japan,JPNCPIALLMINMEI,JPNRGDPQDSNAQ,LRUN64TTJPM156N
9/1/2006,4.3,,101.22,Japan,JPNCPIALLMINMEI,JPNRGDPQDSNAQ,LRUN64TTJPM156N
10/1/2006,4.4,517870.5,101.01,Japan,JPNCPIALLMINMEI,JPNRGDPQDSNAQ,LRUN64TTJPM156N
11/1/2006,4.1,,100.49,Japan,JPNCPIALLMINMEI,JPNRGDPQDSNAQ,LRUN64TTJPM156N
12/1/2006,3.8,,100.6,Japan,JPNCPIALLMINMEI,JPNRGDPQDSNAQ,LRUN64TTJPM156N
1/1/2007,4.2,522695.1,100.39,Japan,JPNCPIALLMINMEI,JPNRGDPQDSNAQ,LRUN64TTJPM156N
2/1/2007,4.2,,99.87,Japan,JPNCPIALLMINMEI,JPNRGDPQDSNAQ,LRUN64TTJPM156N
3/1/2007,4.4,,100.18,Japan,JPNCPIALLMINMEI,JPNRGDPQDSNAQ,LRUN64TTJPM156N
4/1/2007,4.2,523675.2,100.49,Japan,JPNCPIALLMINMEI,JPNRGDPQDSNAQ,LRUN64TTJPM156N
5/1/2007,4,,100.8,Japan,JPNCPIALLMINMEI,JPNRGDPQDSNAQ,LRUN64TTJPM156N
6/1/2007,3.8,,100.6,Japan,JPNCPIALLMINMEI,JPNRGDPQDSNAQ,LRUN64TTJPM156N
7/1/2007,3.7,521833.1,100.49,Japan,JPNCPIALLMINMEI,JPNRGDPQDSNAQ,LRUN64TTJPM156N
8/1/2007,3.9,,101.01,Japan,JPNCPIALLMINMEI,JPNRGDPQDSNAQ,LRUN64TTJPM156N
9/1/2007,4.2,,101.01,Japan,JPNCPIALLMINMEI,JPNRGDPQDSNAQ,LRUN64TTJPM156N
10/1/2007,4.3,526315.6,101.32,Japan,JPNCPIALLMINMEI,JPNRGDPQDSNAQ,LRUN64TTJPM156N
11/1/2007,3.9,,101.11,Japan,JPNCPIALLMINMEI,JPNRGDPQDSNAQ,LRUN64TTJPM156N
12/1/2007,3.6,,101.32,Japan,JPNCPIALLMINMEI,JPNRGDPQDSNAQ,LRUN64TTJPM156N
1/1/2008,4.1,529349.5,101.11,Japan,JPNCPIALLMINMEI,JPNRGDPQDSNAQ,LRUN64TTJPM156N
2/1/2008,4.2,,100.91,Japan,JPNCPIALLMINMEI,JPNRGDPQDSNAQ,LRUN64TTJPM156N
3/1/2008,4.2,,101.42,Japan,JPNCPIALLMINMEI,JPNRGDPQDSNAQ,LRUN64TTJPM156N
4/1/2008,4.2,523516.3,101.32,Japan,JPNCPIALLMINMEI,JPNRGDPQDSNAQ,LRUN64TTJPM156N
5/1/2008,4.1,,102.15,Japan,JPNCPIALLMINMEI,JPNRGDPQDSNAQ,LRUN64TTJPM156N
6/1/2008,4.1,,102.56,Japan,JPNCPIALLMINMEI,JPNRGDPQDSNAQ,LRUN64TTJPM156N
7/1/2008,4,518083.8,102.77,Japan,JPNCPIALLMINMEI,JPNRGDPQDSNAQ,LRUN64TTJPM156N
8/1/2008,4.3,,103.08,Japan,JPNCPIALLMINMEI,JPNRGDPQDSNAQ,LRUN64TTJPM156N
9/1/2008,4.3,,103.08,Japan,JPNCPIALLMINMEI,JPNRGDPQDSNAQ,LRUN64TTJPM156N
10/1/2008,4,501093.3,102.98,Japan,JPNCPIALLMINMEI,JPNRGDPQDSNAQ,LRUN64TTJPM156N
11/1/2008,4,,102.15,Japan,JPNCPIALLMINMEI,JPNRGDPQDSNAQ,LRUN64TTJPM156N
12/1/2008,4.3,,101.74,Japan,JPNCPIALLMINMEI,JPNRGDPQDSNAQ,LRUN64TTJPM156N
1/1/2009,4.4,480588.6,101.11,Japan,JPNCPIALLMINMEI,JPNRGDPQDSNAQ,LRUN64TTJPM156N
2/1/2009,4.8,,100.8,Japan,JPNCPIALLMINMEI,JPNRGDPQDSNAQ,LRUN64TTJPM156N
3/1/2009,5.3,,101.11,Japan,JPNCPIALLMINMEI,JPNRGDPQDSNAQ,LRUN64TTJPM156N
4/1/2009,5.4,489265.1,101.22,Japan,JPNCPIALLMINMEI,JPNRGDPQDSNAQ,LRUN64TTJPM156N
5/1/2009,5.5,,101.01,Japan,JPNCPIALLMINMEI,JPNRGDPQDSNAQ,LRUN64TTJPM156N
6/1/2009,5.5,,100.8,Japan,JPNCPIALLMINMEI,JPNRGDPQDSNAQ,LRUN64TTJPM156N
7/1/2009,5.7,489608.7,100.49,Japan,JPNCPIALLMINMEI,JPNRGDPQDSNAQ,LRUN64TTJPM156N
8/1/2009,5.7,,100.8,Japan,JPNCPIALLMINMEI,JPNRGDPQDSNAQ,LRUN64TTJPM156N
9/1/2009,5.7,,100.8,Japan,JPNCPIALLMINMEI,JPNRGDPQDSNAQ,LRUN64TTJPM156N
10/1/2009,5.4,498167.3,100.39,Japan,JPNCPIALLMINMEI,JPNRGDPQDSNAQ,LRUN64TTJPM156N
11/1/2009,5.3,,100.18,Japan,JPNCPIALLMINMEI,JPNRGDPQDSNAQ,LRUN64TTJPM156N
12/1/2009,5.1,,99.97,Japan,JPNCPIALLMINMEI,JPNRGDPQDSNAQ,LRUN64TTJPM156N
1/1/2010,5.2,505161.4,100.08,Japan,JPNCPIALLMINMEI,JPNRGDPQDSNAQ,LRUN64TTJPM156N
2/1/2010,5.2,,100.08,Japan,JPNCPIALLMINMEI,JPNRGDPQDSNAQ,LRUN64TTJPM156N
3/1/2010,5.6,,100.28,Japan,JPNCPIALLMINMEI,JPNRGDPQDSNAQ,LRUN64TTJPM156N
4/1/2010,5.6,510942.8,100.39,Japan,JPNCPIALLMINMEI,JPNRGDPQDSNAQ,LRUN64TTJPM156N
5/1/2010,5.5,,100.28,Japan,JPNCPIALLMINMEI,JPNRGDPQDSNAQ,LRUN64TTJPM156N
6/1/2010,5.4,,100.08,Japan,JPNCPIALLMINMEI,JPNRGDPQDSNAQ,LRUN64TTJPM156N
7/1/2010,5.2,518485.6,99.56,Japan,JPNCPIALLMINMEI,JPNRGDPQDSNAQ,LRUN64TTJPM156N
8/1/2010,5.4,,99.66,Japan,JPNCPIALLMINMEI,JPNRGDPQDSNAQ,LRUN64TTJPM156N
9/1/2010,5.4,,99.87,Japan,JPNCPIALLMINMEI,JPNRGDPQDSNAQ,LRUN64TTJPM156N
10/1/2010,5.3,515897.2,100.18,Japan,JPNCPIALLMINMEI,JPNRGDPQDSNAQ,LRUN64TTJPM156N
11/1/2010,5.1,,99.87,Japan,JPNCPIALLMINMEI,JPNRGDPQDSNAQ,LRUN64TTJPM156N
12/1/2010,4.8,,99.66,Japan,JPNCPIALLMINMEI,JPNRGDPQDSNAQ,LRUN64TTJPM156N
1/1/2011,4.9,505770.1,99.56,Japan,JPNCPIALLMINMEI,JPNRGDPQDSNAQ,LRUN64TTJPM156N
2/1/2011,4.8,,99.56,Japan,JPNCPIALLMINMEI,JPNRGDPQDSNAQ,LRUN64TTJPM156N
3/1/2011,5.1,,99.77,Japan,JPNCPIALLMINMEI,JPNRGDPQDSNAQ,LRUN64TTJPM156N
4/1/2011,5.2,502734.1,99.97,Japan,JPNCPIALLMINMEI,JPNRGDPQDSNAQ,LRUN64TTJPM156N
5/1/2011,5,,99.87,Japan,JPNCPIALLMINMEI,JPNRGDPQDSNAQ,LRUN64TTJPM156N
6/1/2011,5,,99.77,Japan,JPNCPIALLMINMEI,JPNRGDPQDSNAQ,LRUN64TTJPM156N
7/1/2011,5,516069.7,99.77,Japan,JPNCPIALLMINMEI,JPNRGDPQDSNAQ,LRUN64TTJPM156N
8/1/2011,4.7,,99.87,Japan,JPNCPIALLMINMEI,JPNRGDPQDSNAQ,LRUN64TTJPM156N
9/1/2011,4.4,,99.87,Japan,JPNCPIALLMINMEI,JPNRGDPQDSNAQ,LRUN64TTJPM156N
10/1/2011,4.6,517516,99.97,Japan,JPNCPIALLMINMEI,JPNRGDPQDSNAQ,LRUN64TTJPM156N
11/1/2011,4.5,,99.35,Japan,JPNCPIALLMINMEI,JPNRGDPQDSNAQ,LRUN64TTJPM156N
12/1/2011,4.5,,99.46,Japan,JPNCPIALLMINMEI,JPNRGDPQDSNAQ,LRUN64TTJPM156N
1/1/2012,4.7,522261.5,99.66,Japan,JPNCPIALLMINMEI,JPNRGDPQDSNAQ,LRUN64TTJPM156N
2/1/2012,4.6,,99.87,Japan,JPNCPIALLMINMEI,JPNRGDPQDSNAQ,LRUN64TTJPM156N
3/1/2012,4.9,,100.28,Japan,JPNCPIALLMINMEI,JPNRGDPQDSNAQ,LRUN64TTJPM156N
4/1/2012,5,520234.3,100.39,Japan,JPNCPIALLMINMEI,JPNRGDPQDSNAQ,LRUN64TTJPM156N
5/1/2012,4.7,,100.08,Japan,JPNCPIALLMINMEI,JPNRGDPQDSNAQ,LRUN64TTJPM156N
6/1/2012,4.6,,99.56,Japan,JPNCPIALLMINMEI,JPNRGDPQDSNAQ,LRUN64TTJPM156N
7/1/2012,4.6,517554.3,99.25,Japan,JPNCPIALLMINMEI,JPNRGDPQDSNAQ,LRUN64TTJPM156N
8/1/2012,4.5,,99.46,Japan,JPNCPIALLMINMEI,JPNRGDPQDSNAQ,LRUN64TTJPM156N
9/1/2012,4.4,,99.56,Japan,JPNCPIALLMINMEI,JPNRGDPQDSNAQ,LRUN64TTJPM156N
10/1/2012,4.4,517423.8,99.56,Japan,JPNCPIALLMINMEI,JPNRGDPQDSNAQ,LRUN64TTJPM156N
11/1/2012,4.2,,99.25,Japan,JPNCPIALLMINMEI,JPNRGDPQDSNAQ,LRUN64TTJPM156N
12/1/2012,4.1,,99.25,Japan,JPNCPIALLMINMEI,JPNRGDPQDSNAQ,LRUN64TTJPM156N
1/1/2013,4.4,522589.1,99.35,Japan,JPNCPIALLMINMEI,JPNRGDPQDSNAQ,LRUN64TTJPM156N
2/1/2013,4.5,,99.15,Japan,JPNCPIALLMINMEI,JPNRGDPQDSNAQ,LRUN64TTJPM156N
3/1/2013,4.5,,99.35,Japan,JPNCPIALLMINMEI,JPNRGDPQDSNAQ,LRUN64TTJPM156N
4/1/2013,4.6,526258.7,99.66,Japan,JPNCPIALLMINMEI,JPNRGDPQDSNAQ,LRUN64TTJPM156N
5/1/2013,4.5,,99.77,Japan,JPNCPIALLMINMEI,JPNRGDPQDSNAQ,LRUN64TTJPM156N
6/1/2013,4.1,,99.77,Japan,JPNCPIALLMINMEI,JPNRGDPQDSNAQ,LRUN64TTJPM156N
7/1/2013,4.1,528569.2,99.97,Japan,JPNCPIALLMINMEI,JPNRGDPQDSNAQ,LRUN64TTJPM156N
8/1/2013,4.3,,100.28,Japan,JPNCPIALLMINMEI,JPNRGDPQDSNAQ,LRUN64TTJPM156N
9/1/2013,4.1,,100.6,Japan,JPNCPIALLMINMEI,JPNRGDPQDSNAQ,LRUN64TTJPM156N
10/1/2013,4.2,528290.8,100.7,Japan,JPNCPIALLMINMEI,JPNRGDPQDSNAQ,LRUN64TTJPM156N
11/1/2013,3.9,,100.8,Japan,JPNCPIALLMINMEI,JPNRGDPQDSNAQ,LRUN64TTJPM156N
12/1/2013,3.6,,100.91,Japan,JPNCPIALLMINMEI,JPNRGDPQDSNAQ,LRUN64TTJPM156N
1/1/2014,3.8,534991.2,100.7,Japan,JPNCPIALLMINMEI,JPNRGDPQDSNAQ,LRUN64TTJPM156N
2/1/2014,3.7,,100.7,Japan,JPNCPIALLMINMEI,JPNRGDPQDSNAQ,LRUN64TTJPM156N
3/1/2014,3.9,,101.01,Japan,JPNCPIALLMINMEI,JPNRGDPQDSNAQ,LRUN64TTJPM156N
4/1/2014,4,524243,103.08,Japan,JPNCPIALLMINMEI,JPNRGDPQDSNAQ,LRUN64TTJPM156N
5/1/2014,3.8,,103.5,Japan,JPNCPIALLMINMEI,JPNRGDPQDSNAQ,LRUN64TTJPM156N
6/1/2014,3.9,,103.39,Japan,JPNCPIALLMINMEI,JPNRGDPQDSNAQ,LRUN64TTJPM156N
7/1/2014,4,520585.2,103.5,Japan,JPNCPIALLMINMEI,JPNRGDPQDSNAQ,LRUN64TTJPM156N
8/1/2014,3.6,,103.6,Japan,JPNCPIALLMINMEI,JPNRGDPQDSNAQ,LRUN64TTJPM156N
9/1/2014,3.7,,103.91,Japan,JPNCPIALLMINMEI,JPNRGDPQDSNAQ,LRUN64TTJPM156N
10/1/2014,3.7,523497.3,103.6,Japan,JPNCPIALLMINMEI,JPNRGDPQDSNAQ,LRUN64TTJPM156N
11/1/2014,3.5,,103.19,Japan,JPNCPIALLMINMEI,JPNRGDPQDSNAQ,LRUN64TTJPM156N
12/1/2014,3.3,,103.29,Japan,JPNCPIALLMINMEI,JPNRGDPQDSNAQ,LRUN64TTJPM156N
1/1/2015,3.7,529970.3,103.19,Japan,JPNCPIALLMINMEI,JPNRGDPQDSNAQ,LRUN64TTJPM156N
2/1/2015,3.6,,102.98,Japan,JPNCPIALLMINMEI,JPNRGDPQDSNAQ,LRUN64TTJPM156N
3/1/2015,3.7,,103.29,Japan,JPNCPIALLMINMEI,JPNRGDPQDSNAQ,LRUN64TTJPM156N
4/1/2015,3.7,528183.5,103.81,Japan,JPNCPIALLMINMEI,JPNRGDPQDSNAQ,LRUN64TTJPM156N
5/1/2015,3.6,,104.01,Japan,JPNCPIALLMINMEI,JPNRGDPQDSNAQ,LRUN64TTJPM156N
6/1/2015,3.6,,103.81,Japan,JPNCPIALLMINMEI,JPNRGDPQDSNAQ,LRUN64TTJPM156N
7/1/2015,3.6,530225.7,103.7,Japan,JPNCPIALLMINMEI,JPNRGDPQDSNAQ,LRUN64TTJPM156N
8/1/2015,3.6,,103.81,Japan,JPNCPIALLMINMEI,JPNRGDPQDSNAQ,LRUN64TTJPM156N
9/1/2015,3.5,,103.91,Japan,JPNCPIALLMINMEI,JPNRGDPQDSNAQ,LRUN64TTJPM156N
10/1/2015,3.3,528027.2,103.81,Japan,JPNCPIALLMINMEI,JPNRGDPQDSNAQ,LRUN64TTJPM156N
11/1/2015,3.4,,103.5,Japan,JPNCPIALLMINMEI,JPNRGDPQDSNAQ,LRUN64TTJPM156N
12/1/2015,3.3,,103.39,Japan,JPNCPIALLMINMEI,JPNRGDPQDSNAQ,LRUN64TTJPM156N
1/1/2016,3.4,530781.1,103.08,Japan,JPNCPIALLMINMEI,JPNRGDPQDSNAQ,LRUN64TTJPM156N
1/1/1994,9.1,438280,78.53,Germany,DEUCPIALLQINMEI,CPMNACNSAB1GQDE,LRUNTTTTDEQ156N
4/1/1994,8.4,450000,79.07,Germany,DEUCPIALLQINMEI,CPMNACNSAB1GQDE,LRUNTTTTDEQ156N
7/1/1994,8.2,463060,79.47,Germany,DEUCPIALLQINMEI,CPMNACNSAB1GQDE,LRUNTTTTDEQ156N
10/1/1994,7.9,478950,79.43,Germany,DEUCPIALLQINMEI,CPMNACNSAB1GQDE,LRUNTTTTDEQ156N
1/1/1995,8.6,455720,80.17,Germany,DEUCPIALLQINMEI,CPMNACNSAB1GQDE,LRUNTTTTDEQ156N
4/1/1995,7.9,469570,80.43,Germany,DEUCPIALLQINMEI,CPMNACNSAB1GQDE,LRUNTTTTDEQ156N
7/1/1995,8,481290,80.7,Germany,DEUCPIALLQINMEI,CPMNACNSAB1GQDE,LRUNTTTTDEQ156N
10/1/1995,8.1,492300,80.6,Germany,DEUCPIALLQINMEI,CPMNACNSAB1GQDE,LRUNTTTTDEQ156N
1/1/1996,9.3,461610,81.33,Germany,DEUCPIALLQINMEI,CPMNACNSAB1GQDE,LRUNTTTTDEQ156N
4/1/1996,8.6,474940,81.6,Germany,DEUCPIALLQINMEI,CPMNACNSAB1GQDE,LRUNTTTTDEQ156N
7/1/1996,8.7,490020,81.8,Germany,DEUCPIALLQINMEI,CPMNACNSAB1GQDE,LRUNTTTTDEQ156N
10/1/1996,8.9,499750,81.83,Germany,DEUCPIALLQINMEI,CPMNACNSAB1GQDE,LRUNTTTTDEQ156N
1/1/1997,10.4,465770,82.77,Germany,DEUCPIALLQINMEI,CPMNACNSAB1GQDE,LRUNTTTTDEQ156N
4/1/1997,9.6,490340,82.87,Germany,DEUCPIALLQINMEI,CPMNACNSAB1GQDE,LRUNTTTTDEQ156N
7/1/1997,9.7,500520,83.7,Germany,DEUCPIALLQINMEI,CPMNACNSAB1GQDE,LRUNTTTTDEQ156N
10/1/1997,9.6,510460,83.57,Germany,DEUCPIALLQINMEI,CPMNACNSAB1GQDE,LRUNTTTTDEQ156N
1/1/1998,10.4,486450,83.8,Germany,DEUCPIALLQINMEI,CPMNACNSAB1GQDE,LRUNTTTTDEQ156N
4/1/1998,9.2,497240,84,Germany,DEUCPIALLQINMEI,CPMNACNSAB1GQDE,LRUNTTTTDEQ156N
7/1/1998,8.8,512690,84.2,Germany,DEUCPIALLQINMEI,CPMNACNSAB1GQDE,LRUNTTTTDEQ156N
10/1/1998,8.5,521850,83.93,Germany,DEUCPIALLQINMEI,CPMNACNSAB1GQDE,LRUNTTTTDEQ156N
1/1/1999,9.2,495250,83.97,Germany,DEUCPIALLQINMEI,CPMNACNSAB1GQDE,LRUNTTTTDEQ156N
4/1/1999,8.4,507670,84.43,Germany,DEUCPIALLQINMEI,CPMNACNSAB1GQDE,LRUNTTTTDEQ156N
7/1/1999,8.2,524670,84.77,Germany,DEUCPIALLQINMEI,CPMNACNSAB1GQDE,LRUNTTTTDEQ156N
10/1/1999,7.9,537290,84.73,Germany,DEUCPIALLQINMEI,CPMNACNSAB1GQDE,LRUNTTTTDEQ156N
1/1/2000,8.5,515500,85.27,Germany,DEUCPIALLQINMEI,CPMNACNSAB1GQDE,LRUNTTTTDEQ156N
4/1/2000,7.7,523900,85.37,Germany,DEUCPIALLQINMEI,CPMNACNSAB1GQDE,LRUNTTTTDEQ156N
7/1/2000,7.5,536120,85.93,Germany,DEUCPIALLQINMEI,CPMNACNSAB1GQDE,LRUNTTTTDEQ156N
10/1/2000,7.3,540960,86.2,Germany,DEUCPIALLQINMEI,CPMNACNSAB1GQDE,LRUNTTTTDEQ156N
1/1/2001,8.2,530610,86.73,Germany,DEUCPIALLQINMEI,CPMNACNSAB1GQDE,LRUNTTTTDEQ156N
4/1/2001,7.6,537700,87.53,Germany,DEUCPIALLQINMEI,CPMNACNSAB1GQDE,LRUNTTTTDEQ156N
7/1/2001,7.7,551580,87.67,Germany,DEUCPIALLQINMEI,CPMNACNSAB1GQDE,LRUNTTTTDEQ156N
10/1/2001,7.8,559960,87.63,Germany,DEUCPIALLQINMEI,CPMNACNSAB1GQDE,LRUNTTTTDEQ156N
1/1/2002,8.9,533820,88.47,Germany,DEUCPIALLQINMEI,CPMNACNSAB1GQDE,LRUNTTTTDEQ156N
4/1/2002,8.4,545370,88.67,Germany,DEUCPIALLQINMEI,CPMNACNSAB1GQDE,LRUNTTTTDEQ156N
7/1/2002,8.6,565210,88.73,Germany,DEUCPIALLQINMEI,CPMNACNSAB1GQDE,LRUNTTTTDEQ156N
10/1/2002,8.7,564890,88.67,Germany,DEUCPIALLQINMEI,CPMNACNSAB1GQDE,LRUNTTTTDEQ156N
1/1/2003,10.2,537940,89.47,Germany,DEUCPIALLQINMEI,CPMNACNSAB1GQDE,LRUNTTTTDEQ156N
4/1/2003,9.6,545670,89.37,Germany,DEUCPIALLQINMEI,CPMNACNSAB1GQDE,LRUNTTTTDEQ156N
7/1/2003,9.5,568360,89.67,Germany,DEUCPIALLQINMEI,CPMNACNSAB1GQDE,LRUNTTTTDEQ156N
10/1/2003,9.2,568110,89.7,Germany,DEUCPIALLQINMEI,CPMNACNSAB1GQDE,LRUNTTTTDEQ156N
1/1/2004,10.3,552710,90.33,Germany,DEUCPIALLQINMEI,CPMNACNSAB1GQDE,LRUNTTTTDEQ156N
4/1/2004,9.7,562540,91.03,Germany,DEUCPIALLQINMEI,CPMNACNSAB1GQDE,LRUNTTTTDEQ156N
7/1/2004,9.6,576790,91.3,Germany,DEUCPIALLQINMEI,CPMNACNSAB1GQDE,LRUNTTTTDEQ156N
10/1/2004,9.5,578580,91.5,Germany,DEUCPIALLQINMEI,CPMNACNSAB1GQDE,LRUNTTTTDEQ156N
1/1/2005,11.5,553310,91.8,Germany,DEUCPIALLQINMEI,CPMNACNSAB1GQDE,LRUNTTTTDEQ156N
4/1/2005,11.3,572460,92.17,Germany,DEUCPIALLQINMEI,CPMNACNSAB1GQDE,LRUNTTTTDEQ156N
7/1/2005,11.1,587360,92.8,Germany,DEUCPIALLQINMEI,CPMNACNSAB1GQDE,LRUNTTTTDEQ156N
10/1/2005,10.8,587730,93.03,Germany,DEUCPIALLQINMEI,CPMNACNSAB1GQDE,LRUNTTTTDEQ156N
1/1/2006,11.3,578060,93.37,Germany,DEUCPIALLQINMEI,CPMNACNSAB1GQDE,LRUNTTTTDEQ156N
4/1/2006,10.2,588460,93.87,Germany,DEUCPIALLQINMEI,CPMNACNSAB1GQDE,LRUNTTTTDEQ156N
7/1/2006,9.8,609480,94.17,Germany,DEUCPIALLQINMEI,CPMNACNSAB1GQDE,LRUNTTTTDEQ156N
10/1/2006,9.7,617250,94.23,Germany,DEUCPIALLQINMEI,CPMNACNSAB1GQDE,LRUNTTTTDEQ156N
1/1/2007,9.5,612320,95.03,Germany,DEUCPIALLQINMEI,CPMNACNSAB1GQDE,LRUNTTTTDEQ156N
4/1/2007,8.6,618050,95.8,Germany,DEUCPIALLQINMEI,CPMNACNSAB1GQDE,LRUNTTTTDEQ156N
7/1/2007,8.4,640760,96.3,Germany,DEUCPIALLQINMEI,CPMNACNSAB1GQDE,LRUNTTTTDEQ156N
10/1/2007,8.2,642100,97.13,Germany,DEUCPIALLQINMEI,CPMNACNSAB1GQDE,LRUNTTTTDEQ156N
1/1/2008,8.2,631100,97.83,Germany,DEUCPIALLQINMEI,CPMNACNSAB1GQDE,LRUNTTTTDEQ156N
4/1/2008,7.8,643190,98.57,Germany,DEUCPIALLQINMEI,CPMNACNSAB1GQDE,LRUNTTTTDEQ156N
7/1/2008,7.1,652180,99.27,Germany,DEUCPIALLQINMEI,CPMNACNSAB1GQDE,LRUNTTTTDEQ156N
10/1/2008,7,635270,98.7,Germany,DEUCPIALLQINMEI,CPMNACNSAB1GQDE,LRUNTTTTDEQ156N
1/1/2009,8.1,598060,98.63,Germany,DEUCPIALLQINMEI,CPMNACNSAB1GQDE,LRUNTTTTDEQ156N
4/1/2009,7.8,601830,98.83,Germany,DEUCPIALLQINMEI,CPMNACNSAB1GQDE,LRUNTTTTDEQ156N
7/1/2009,7.8,627800,99.03,Germany,DEUCPIALLQINMEI,CPMNACNSAB1GQDE,LRUNTTTTDEQ156N
10/1/2009,7.3,632590,99.1,Germany,DEUCPIALLQINMEI,CPMNACNSAB1GQDE,LRUNTTTTDEQ156N
1/1/2010,7.9,620070,99.43,Germany,DEUCPIALLQINMEI,CPMNACNSAB1GQDE,LRUNTTTTDEQ156N
4/1/2010,6.9,634280,99.93,Germany,DEUCPIALLQINMEI,CPMNACNSAB1GQDE,LRUNTTTTDEQ156N
7/1/2010,6.6,660590,100.13,Germany,DEUCPIALLQINMEI,CPMNACNSAB1GQDE,LRUNTTTTDEQ156N
10/1/2010,6.4,665120,100.47,Germany,DEUCPIALLQINMEI,CPMNACNSAB1GQDE,LRUNTTTTDEQ156N
1/1/2011,6.6,662940,101.3,Germany,DEUCPIALLQINMEI,CPMNACNSAB1GQDE,LRUNTTTTDEQ156N
4/1/2011,5.8,665880,101.93,Germany,DEUCPIALLQINMEI,CPMNACNSAB1GQDE,LRUNTTTTDEQ156N
7/1/2011,5.7,689120,102.33,Germany,DEUCPIALLQINMEI,CPMNACNSAB1GQDE,LRUNTTTTDEQ156N
10/1/2011,5.3,685180,102.7,Germany,DEUCPIALLQINMEI,CPMNACNSAB1GQDE,LRUNTTTTDEQ156N
1/1/2012,5.8,682730,103.47,Germany,DEUCPIALLQINMEI,CPMNACNSAB1GQDE,LRUNTTTTDEQ156N
4/1/2012,5.3,678150,103.83,Germany,DEUCPIALLQINMEI,CPMNACNSAB1GQDE,LRUNTTTTDEQ156N
7/1/2012,5.3,701300,104.4,Germany,DEUCPIALLQINMEI,CPMNACNSAB1GQDE,LRUNTTTTDEQ156N
10/1/2012,5.1,696080,104.77,Germany,DEUCPIALLQINMEI,CPMNACNSAB1GQDE,LRUNTTTTDEQ156N
1/1/2013,5.7,685460,105.07,Germany,DEUCPIALLQINMEI,CPMNACNSAB1GQDE,LRUNTTTTDEQ156N
4/1/2013,5.2,698330,105.4,Germany,DEUCPIALLQINMEI,CPMNACNSAB1GQDE,LRUNTTTTDEQ156N
7/1/2013,5.1,723160,106.1,Germany,DEUCPIALLQINMEI,CPMNACNSAB1GQDE,LRUNTTTTDEQ156N
10/1/2013,5,719290,106.17,Germany,DEUCPIALLQINMEI,CPMNACNSAB1GQDE,LRUNTTTTDEQ156N
1/1/2014,5.4,716380,106.33,Germany,DEUCPIALLQINMEI,CPMNACNSAB1GQDE,LRUNTTTTDEQ156N
4/1/2014,4.9,718530,106.53,Germany,DEUCPIALLQINMEI,CPMNACNSAB1GQDE,LRUNTTTTDEQ156N
7/1/2014,4.8,744380,107,Germany,DEUCPIALLQINMEI,CPMNACNSAB1GQDE,LRUNTTTTDEQ156N
10/1/2014,4.8,744640,106.7,Germany,DEUCPIALLQINMEI,CPMNACNSAB1GQDE,LRUNTTTTDEQ156N
1/1/2015,5,739410,106.37,Germany,DEUCPIALLQINMEI,CPMNACNSAB1GQDE,LRUNTTTTDEQ156N
4/1/2015,4.7,745990,107.03,Germany,DEUCPIALLQINMEI,CPMNACNSAB1GQDE,LRUNTTTTDEQ156N
7/1/2015,4.4,771660,107.13,Germany,DEUCPIALLQINMEI,CPMNACNSAB1GQDE,LRUNTTTTDEQ156N
10/1/2015,4.5,775760,107.03,Germany,DEUCPIALLQINMEI,CPMNACNSAB1GQDE,LRUNTTTTDEQ156N
1/1/2016,4.5,763180,106.63,Germany,DEUCPIALLQINMEI,CPMNACNSAB1GQDE,LRUNTTTTDEQ156N
